Date,GM_Close/Last,GM_Volume,GM_Open,GM_High,GM_Low
4/28/2022,38.75,22795590,39.35,39.61,37.31
4/27/2022,38.66,19827660,38.29,39.52,37.70
4/26/2022,38.04,21679500,39.22,39.45,37.89
4/25/2022,39.82,18704420,39.35,39.99,38.67
4/22/2022,39.84,17718400,40.46,40.74,39.78
4/21/2022,40.71,12544020,42.76,43.00,40.56
4/20/2022,41.72,12989810,42.25,43.24,41.69
4/19/2022,42.08,13852800,40.81,42.19,40.81
4/18/2022,40.63,11797950,40.13,40.93,39.95
4/14/2022,40.13,13315700,40.15,40.78,40.09
4/13/2022,40.22,10897570,39.62,40.45,39.55
4/12/2022,40.04,17212780,40.61,40.78,39.64
4/11/2022,40.33,25015250,38.81,41.34,38.69
4/8/2022,39.35,22086840,38.35,40.05,38.17
4/7/2022,38.72,28297580,39.29,39.53,37.60
4/6/2022,39.5,29254870,40.79,41.33,39.48
4/5/2022,41.42,19853870,42.96,43.16,41.32
4/4/2022,43.18,12598540,43.27,43.42,42.53
4/1/2022,42.96,16791460,44.16,44.45,42.41
3/31/2022,43.74,17335040,44.84,44.90,43.74
3/30/2022,45.22,12818820,45.64,46.03,45.04
3/29/2022,46.26,16784110,45.41,46.74,45.24
3/28/2022,44.22,12175190,43.90,44.25,43.28
3/25/2022,43.65,10361180,44.28,44.31,43.40
3/24/2022,44.35,11106220,44.05,44.86,43.95
3/23/2022,43.78,15142280,44.00,44.52,43.77
3/22/2022,44.56,14703040,44.24,45.27,44.09
3/21/2022,43.61,17903890,44.28,44.67,43.22
3/18/2022,44.82,19834430,43.23,45.04,43.13
3/17/2022,43.66,13909000,42.92,43.83,42.60
3/16/2022,43.85,17014500,43.00,44.17,42.37
3/15/2022,42.13,16051030,40.83,42.25,40.80
3/14/2022,40.83,18913970,41.74,42.43,40.37
3/11/2022,41.51,13617910,42.08,42.34,41.48
3/10/2022,41.85,17991220,41.41,42.23,40.86
3/9/2022,42.28,21309050,42.26,42.86,41.80
3/8/2022,40.2,24145080,40.84,42.31,39.96
3/7/2022,39.83,25949910,42.29,42.44,39.75
3/4/2022,42.4,26543550,44.03,44.16,41.99
3/3/2022,44.9,18956330,46.21,46.74,44.61
3/2/2022,46.32,19006430,44.68,46.60,44.56
3/1/2022,44.52,21534170,46.02,46.16,44.16
2/28/2022,46.72,18226740,46.24,47.12,45.84
2/25/2022,47.43,13465060,46.35,47.48,45.85
2/24/2022,46.35,21003680,44.15,46.41,43.91
2/23/2022,46.38,13667730,47.26,48.30,46.26
2/22/2022,46.77,19620270,47.78,47.94,46.16
2/18/2022,48.6,16615900,48.92,49.21,47.92
2/17/2022,48.82,13482820,49.81,49.85,48.66
2/16/2022,50.43,13865520,49.43,50.57,49.26
2/15/2022,49.67,15242460,49.36,49.91,48.93
2/14/2022,48.4,17549830,48.87,49.19,48.00
2/11/2022,48.83,20183820,50.64,50.97,48.54
2/10/2022,50.34,17017570,49.73,51.79,49.60
2/9/2022,50.72,24290770,50.31,51.68,50.16
2/8/2022,49.46,38629680,48.74,49.88,47.58
2/7/2022,50.71,18046540,51.49,52.00,50.52
2/4/2022,51.29,22794900,51.62,51.85,50.52
2/3/2022,53.11,23751830,52.60,54.42,52.55
2/2/2022,53.5,34371690,54.92,55.55,51.68
2/1/2022,54.07,23169550,52.85,54.24,52.12
1/31/2022,52.73,20255200,50.50,52.75,49.97
1/28/2022,50.24,26732580,51.25,51.25,49.24
1/27/2022,51.45,21357410,52.85,53.35,51.07
1/26/2022,52.35,23174310,53.57,53.99,51.47
1/25/2022,51.9,22164490,51.60,52.51,50.82
1/24/2022,52.64,32997070,51.40,52.66,49.37
1/21/2022,53.28,25692830,54.52,54.70,52.69
1/20/2022,54.65,21554100,56.02,57.33,54.42
1/19/2022,56.24,20576030,59.31,59.84,56.13
1/18/2022,58.79,18317580,60.13,60.35,58.54
1/14/2022,61.1,16180300,61.10,61.77,59.99
1/13/2022,61.77,19282960,61.45,63.38,61.15
1/12/2022,61.03,20214960,62.47,62.72,59.64
1/11/2022,61.46,16463830,61.25,61.56,60.15
1/10/2022,61.07,18980400,61.52,62.00,60.04
1/7/2022,62.27,17136110,63.81,63.91,61.42
1/6/2022,62.87,20650940,63.17,63.50,61.67
1/5/2022,62.74,43578700,65.52,67.21,62.60
1/4/2022,65.74,44691260,61.96,65.98,61.96
1/3/2022,61.17,21002090,59.87,61.57,59.74
12/31/2021,58.63,9856338,58.00,59.05,57.92
12/30/2021,58.13,11965920,57.45,58.78,57.26
12/29/2021,57.23,7982315,57.11,57.70,56.74
12/28/2021,57.11,8583973,57.40,58.12,57.01
12/27/2021,57.43,9085790,56.89,57.75,56.53
12/23/2021,56.91,13722300,56.07,57.09,55.77
12/22/2021,56.08,16693960,54.79,56.35,54.75
12/21/2021,54.79,15571260,54.50,54.90,53.84
12/20/2021,54.04,19073870,54.02,54.54,53.14
12/17/2021,55.16,42236470,56.20,56.39,54.51
12/16/2021,58.39,17772240,59.40,60.62,58.03
12/15/2021,58.61,14471570,58.30,58.89,57.04
12/14/2021,58.4,17928740,57.97,59.20,57.70
12/13/2021,59.13,27327010,62.07,62.18,59.02
12/10/2021,63.21,22839820,60.10,63.29,60.10
12/9/2021,59.62,12964760,60.38,60.63,59.59
12/8/2021,60.78,10004100,61.65,61.81,60.42
12/7/2021,61.53,14135730,60.91,62.38,60.70
12/6/2021,59.84,16728220,60.47,60.73,58.70
12/3/2021,59.71,19596050,61.24,61.69,58.87
12/2/2021,61.02,25365110,58.75,61.30,58.70
12/1/2021,58.06,26371660,59.25,60.59,58.01
11/30/2021,57.87,21282190,59.20,59.84,57.44
11/29/2021,59.86,15033080,61.11,61.54,59.65
11/26/2021,60.17,13272570,59.80,60.57,59.46
11/24/2021,62.19,12685010,62.30,62.60,61.63
11/23/2021,63.05,16231230,63.73,64.04,62.26
11/22/2021,64.06,19844300,61.95,64.96,61.76
11/19/2021,61.8,19520640,62.48,62.97,61.56
11/18/2021,62.33,23308100,64.33,65.18,62.09
11/17/2021,64.61,29983380,63.33,65.07,62.38
11/16/2021,62.61,16114990,63.24,63.28,61.93
11/15/2021,62.97,14372130,63.66,63.73,62.63
11/12/2021,63.4,31152380,61.59,64.03,61.28
11/11/2021,61.82,29033880,59.82,62.15,59.31
11/10/2021,59.27,22778550,57.85,60.56,57.73
11/9/2021,58.62,13822870,59.81,59.93,57.81
11/8/2021,59.6,14385450,58.76,60.33,58.48
11/5/2021,58.52,16302210,59.15,59.35,58.05
11/4/2021,58.64,24026100,56.47,58.77,56.27
11/3/2021,56,14419370,55.26,56.17,55.09
11/2/2021,55.59,16377490,55.03,55.98,54.68
11/1/2021,55.49,15677570,54.85,55.74,54.42
10/29/2021,54.43,16680740,53.90,55.04,53.61
10/28/2021,54.24,23020300,54.60,55.58,54.06
10/27/2021,54.26,36397560,55.60,55.76,54.16
10/26/2021,57.37,16335760,58.02,58.30,56.96
10/25/2021,57.76,14151030,58.05,58.31,56.84
10/22/2021,57.77,11077610,58.37,58.70,57.64
10/21/2021,58.41,11585400,58.00,58.67,57.73
10/20/2021,57.67,13399850,56.36,58.24,56.22
10/19/2021,56.85,10589020,57.00,57.06,56.53
10/18/2021,56.89,12667900,57.41,57.58,56.85
10/15/2021,58,12914590,58.34,58.71,57.85
10/14/2021,57.69,11457550,58.10,58.29,57.45
10/13/2021,57.77,18813800,58.94,58.94,57.08
10/12/2021,58.96,17094970,58.52,59.33,57.86
10/11/2021,58.09,17665710,58.79,59.35,57.77
10/8/2021,58.57,33724940,56.54,59.21,56.38
10/7/2021,56.44,31005970,54.85,56.74,54.44
10/6/2021,53.93,29520790,54.49,55.50,53.15
10/5/2021,54.34,18201520,54.19,54.74,53.65
10/4/2021,53.98,29206680,54.90,55.64,53.68
10/1/2021,53.13,16660420,53.03,53.38,52.25
9/30/2021,52.71,16328190,52.93,53.20,52.18
9/29/2021,52.93,10881060,53.30,53.36,52.53
9/28/2021,52.85,16422910,53.77,54.21,52.70
9/27/2021,53.24,13861380,52.41,53.57,52.38
9/24/2021,52.23,11643550,51.88,52.63,51.72
9/23/2021,51.92,14043210,51.10,52.08,51.04
9/22/2021,50.78,14038300,50.03,51.22,50.03
9/21/2021,49.37,14172720,49.57,49.78,48.79
9/20/2021,49.37,24540600,49.45,49.54,48.37
9/17/2021,51.33,45119260,51.33,51.93,50.99
9/16/2021,51.52,12617330,51.59,51.90,50.91
9/15/2021,51.82,13658530,50.79,51.93,50.54
9/14/2021,50.74,12587250,51.22,51.42,50.50
9/13/2021,50.82,18506470,50.11,50.95,49.60
9/10/2021,49.49,22774720,48.69,50.42,48.69
9/9/2021,48.42,13739530,48.95,48.95,47.80
9/8/2021,48.97,11136340,48.64,49.52,48.42
9/7/2021,48.72,12316200,48.49,49.23,48.42
9/3/2021,48.82,9937933,48.80,49.00,48.42
9/2/2021,48.95,13370750,49.15,49.50,48.81
9/1/2021,49.11,10982080,49.10,49.64,48.68
8/31/2021,49.01,14293110,49.17,49.43,48.67
8/30/2021,49.17,13708990,49.95,49.95,48.95
8/27/2021,49.8,14874280,48.75,50.07,48.66
8/26/2021,48.62,16599240,49.47,49.47,48.52
8/25/2021,49.7,14406590,49.49,49.93,49.16
8/24/2021,49.57,21394700,48.50,49.87,48.23
8/23/2021,48.18,30149160,48.16,48.35,47.07
8/20/2021,48.8,16898400,48.96,49.14,48.35
8/19/2021,49.08,23387330,50.00,50.22,48.67
8/18/2021,50.84,15271360,50.53,51.49,50.40
8/17/2021,50.47,28477810,51.98,52.08,50.20
8/16/2021,52.95,17029240,53.01,53.26,52.49
8/13/2021,53.65,11849190,54.56,54.71,53.59
8/12/2021,54.62,10766210,54.44,55.04,54.19
8/11/2021,54.27,15814570,54.42,54.50,53.45
8/10/2021,54.26,14479060,54.00,54.38,53.66
8/9/2021,53.95,16079980,54.27,54.37,53.40
8/6/2021,55.05,14970100,54.81,55.35,54.26
8/5/2021,54.44,28571440,53.86,54.88,53.55
8/4/2021,52.72,67667170,55.23,55.45,52.21
8/3/2021,57.88,12273520,57.47,57.96,56.61
8/2/2021,57.03,12397530,57.37,58.60,56.88
7/30/2021,56.84,13185460,56.72,57.81,56.62
7/29/2021,57.28,15438980,57.00,57.74,56.82
7/28/2021,55.49,10549240,55.42,55.86,54.69
7/27/2021,55,13374880,55.21,55.36,54.22
7/26/2021,55.77,9589042,55.24,55.91,55.10
7/23/2021,54.94,14535960,55.31,55.79,54.81
7/22/2021,55.64,12019880,56.75,56.76,55.49
7/21/2021,57.05,11035170,56.80,57.47,56.56
7/20/2021,56.15,13292000,54.26,56.38,54.12
7/19/2021,54.18,20942080,53.90,54.43,52.63
7/16/2021,55.46,13611410,57.48,57.48,55.37
7/15/2021,56.95,12103430,57.12,57.69,56.59
7/14/2021,58,12520540,58.89,59.36,57.71
7/13/2021,58.73,14604230,59.04,59.26,58.26
7/12/2021,58.97,14513200,58.56,59.17,57.82
7/9/2021,58.76,24361340,58.80,58.92,57.89
7/8/2021,56.06,14087370,55.30,56.59,54.86
7/7/2021,56.59,13077580,57.34,57.40,56.13
7/6/2021,57.46,16155580,58.92,58.93,57.01
7/2/2021,58.96,9699563,59.11,59.32,58.52
7/1/2021,59.11,11752120,59.44,59.73,58.78
6/30/2021,59.17,12330500,58.74,59.47,58.61
6/29/2021,58.83,12171830,59.20,59.55,58.70
6/28/2021,58.64,17152710,60.31,60.38,58.43
6/25/2021,60.3,14255100,60.29,60.58,60.02
6/24/2021,60.04,14445340,60.39,60.50,59.76
6/23/2021,60.12,11527880,59.85,60.43,59.46
6/22/2021,59.24,8928515,59.54,59.60,59.02
6/21/2021,59.3,12276890,59.75,59.75,58.82
6/18/2021,58.76,25602760,59.28,59.59,58.41
6/17/2021,60.08,19712090,61.82,62.40,59.36
6/16/2021,61.76,31080000,62.46,63.09,61.20
6/15/2021,60.81,10736980,60.68,61.11,59.98
6/14/2021,60.79,15443290,61.47,61.64,60.31
6/11/2021,61.49,10205010,61.36,62.01,61.16
6/10/2021,61.34,16141860,62.83,63.05,61.17
6/9/2021,62.77,14371330,63.95,64.16,62.69
6/8/2021,63.92,13027190,63.02,63.97,62.43
6/7/2021,63.23,15549750,63.98,64.30,62.63
6/4/2021,63.37,21072290,63.57,63.88,62.39
6/3/2021,63.46,38179710,61.57,63.68,60.71
6/2/2021,59.65,11975380,60.26,60.26,59.13
6/1/2021,59.65,10428970,59.99,60.25,59.25
5/28/2021,59.31,12668070,59.88,59.99,58.59
5/27/2021,59.77,33843790,60.00,60.72,59.21
5/26/2021,58.08,14242710,56.97,58.17,56.77
5/25/2021,56.76,16362250,56.87,58.17,56.71
5/24/2021,56.6,8943030,57.05,57.20,56.32
5/21/2021,56.72,15150890,56.01,58.78,55.77
5/20/2021,55.51,11504050,55.92,56.04,55.19
5/19/2021,55.53,11693670,55.00,55.62,54.12
5/18/2021,55.89,11464410,56.23,56.81,55.85
5/17/2021,56.04,11028460,55.84,56.12,55.19
5/14/2021,56,11313030,55.12,56.04,55.01
5/13/2021,54.6,13314890,54.43,55.51,54.13
5/12/2021,53.76,19348650,55.54,55.71,53.52
5/11/2021,55.73,22773190,56.15,56.75,54.87
5/10/2021,57.41,14591600,59.00,59.58,57.36
5/7/2021,58.99,15480480,58.00,59.05,57.27
5/6/2021,58.72,20108090,57.43,58.77,57.43
5/5/2021,57.58,14399090,57.09,57.89,56.33
5/4/2021,55.34,22262270,56.55,56.59,54.82
5/3/2021,57.15,11585140,57.60,58.34,56.71
4/30/2021,57.22,15348270,56.18,57.34,56.09
4/29/2021,56.57,21315630,57.74,57.75,55.69
4/28/2021,58.55,10485210,59.00,59.00,58.27
4/27/2021,58.97,9293520,58.27,59.10,58.02
4/26/2021,58.21,11553940,57.86,58.58,57.66
4/23/2021,57.53,10808450,56.77,57.74,56.43
4/22/2021,56.66,15822210,57.54,57.80,56.13
4/21/2021,57.49,14648710,55.28,57.50,54.71
4/20/2021,55.77,23736070,57.12,57.28,54.92
4/19/2021,57.88,12262460,58.57,58.74,57.23
4/16/2021,58.71,11087330,59.01,59.31,58.28
4/15/2021,58.61,14395680,59.45,59.53,58.37
4/14/2021,58.48,14618110,58.59,59.65,58.25
4/13/2021,58.49,17416610,59.23,59.54,57.89
4/12/2021,59.66,10230960,60.20,60.29,59.29
4/9/2021,60.16,12182310,59.56,60.38,59.42
4/8/2021,60.09,19016320,60.36,60.75,58.81
4/7/2021,60.83,17167950,61.86,61.87,60.69
4/6/2021,61.94,39518700,60.50,63.44,60.44
4/5/2021,61.04,24632990,59.00,61.19,58.75
4/1/2021,57.8,17783620,57.92,58.22,57.04
3/31/2021,57.46,20761350,58.28,58.58,57.27
3/30/2021,58.51,19606810,56.60,58.63,56.40
3/29/2021,55.94,16058430,56.08,57.20,55.74
3/26/2021,56.52,16358870,57.01,57.34,55.35
3/25/2021,56.6,16178460,54.60,56.82,54.25
3/24/2021,55.81,20567210,56.68,57.48,55.71
3/23/2021,56.16,21280750,56.99,57.76,55.71
3/22/2021,58.1,30094910,58.75,58.93,56.51
3/19/2021,59.82,23346210,59.34,60.32,58.18
3/18/2021,59.27,34844940,60.06,62.24,58.88
3/17/2021,60.05,23746170,57.24,60.12,57.15
3/16/2021,57.12,16177030,58.36,58.57,56.80
3/15/2021,57.94,19752510,59.31,59.31,57.21
3/12/2021,59.26,29829610,56.00,59.62,55.70
3/11/2021,56.33,20244670,56.87,57.17,55.94
3/10/2021,56.83,22760580,55.00,56.95,54.88
3/9/2021,54.65,17902160,55.36,55.43,54.03
3/8/2021,54.98,24450450,54.29,56.20,53.74
3/5/2021,53.75,25189990,52.59,53.99,50.48
3/4/2021,51.83,26231870,52.99,54.18,50.25
3/3/2021,52.67,19667240,54.50,54.88,52.66
3/2/2021,54.11,36267190,52.60,55.29,52.19
3/1/2021,52.54,15385260,52.41,52.82,51.82
2/26/2021,51.33,17125140,50.87,51.73,49.92
2/25/2021,50.6,20628940,52.70,52.93,50.55
2/24/2021,52.9,18374960,51.95,53.21,51.29
2/23/2021,51.11,21202690,51.00,51.38,49.35
2/22/2021,51.98,14501270,52.00,52.93,51.88
2/19/2021,52.57,15354380,52.50,53.29,52.22
2/18/2021,52.16,17615890,52.56,52.62,51.60
2/17/2021,52.89,14311990,52.84,53.33,52.08
2/16/2021,53.46,18541590,53.71,53.99,53.22
2/12/2021,53.6,15317420,53.00,54.19,52.96
2/11/2021,48.82,29871450,49.81,49.85,48.66
2/10/2021,54.88,55329760,55.61,55.69,52.51
2/9/2021,56.06,25168810,56.54,56.94,55.74
2/8/2021,56.88,26990000,56.00,57.05,55.67
2/5/2021,54.41,17250190,54.82,55.05,54.15
2/4/2021,54.13,19243300,53.34,54.56,52.97
2/3/2021,54.25,30706460,53.30,55.05,53.19
2/2/2021,52.72,20457410,52.30,52.98,51.96
2/1/2021,51.51,21451290,51.46,51.95,50.44
1/29/2021,50.68,26466800,50.70,51.78,49.96
1/28/2021,51.04,37573420,49.88,53.00,49.56
1/27/2021,49.34,38315160,50.80,50.86,48.71
1/26/2021,52.04,21648200,53.39,53.59,51.81
1/25/2021,53.39,39844160,54.95,55.16,51.02
1/22/2021,55.4,23895590,54.50,55.77,54.27
1/21/2021,55.08,39886580,56.33,56.97,54.76
1/20/2021,53.39,47428520,54.95,55.16,51.02
1/19/2021,54.84,64143970,53.69,55.14,52.26
1/15/2021,49.97,25293740,51.30,51.40,49.26
1/14/2021,51.53,36839850,49.50,51.87,49.33
1/13/2021,48.73,49229700,50.78,50.97,48.06
1/12/2021,47.82,63889310,46.30,48.95,45.65
1/11/2021,45.01,25887260,43.02,45.28,42.63
1/8/2021,43.06,18426230,43.31,43.49,42.32
1/7/2021,43.32,13625730,43.98,43.98,42.96
1/6/2021,42.98,22694900,41.92,43.85,41.86
1/5/2021,41.66,18045830,40.06,41.84,40.04
1/4/2021,40.51,15768080,41.95,42.12,40.14
12/31/2020,41.64,11101330,41.76,41.80,41.20
12/30/2020,41.84,6491928,41.65,42.20,41.57
12/29/2020,41.57,7987675,41.89,42.13,41.37
12/28/2020,41.66,10471360,42.00,42.19,41.63
12/24/2020,41.58,7825369,42.06,42.20,41.21
12/23/2020,42.45,17573080,41.18,42.89,41.10
12/22/2020,40.9,10602720,41.35,41.40,40.55
12/21/2020,41.21,15533940,40.26,41.50,40.06
12/18/2020,41.01,21808270,42.02,42.05,40.59
12/17/2020,42.03,12081560,41.71,42.03,41.43
12/16/2020,41.42,15134090,41.79,41.87,40.81
12/15/2020,41.66,12531590,41.99,42.16,41.31
12/14/2020,41.62,9995687,42.49,42.54,41.42
12/11/2020,41.92,15555640,42.48,42.68,41.62
12/10/2020,42.87,18235570,43.83,43.88,42.46
12/9/2020,44.43,12470460,44.13,44.55,43.91
12/8/2020,43.8,10160440,43.72,44.18,43.42
12/7/2020,44.31,9207532,44.40,44.40,43.58
12/4/2020,44.4,11895200,44.40,44.74,44.13
12/3/2020,44.09,13437830,44.79,44.87,43.96
12/2/2020,44.58,11280740,44.00,44.60,43.67
12/1/2020,44.68,12995000,44.78,45.45,44.00
11/30/2020,43.84,21600460,44.96,45.32,43.62
11/27/2020,45.06,7528791,45.35,45.59,44.75
11/25/2020,45.46,16122250,45.61,46.06,44.64
11/24/2020,46.46,20048740,45.91,46.71,45.07
11/23/2020,44.77,22569560,43.96,45.16,43.56
11/20/2020,43.04,16887840,42.81,43.32,42.37
11/19/2020,42.82,17214470,42.61,43.19,42.18
11/18/2020,42.72,27632540,42.19,44.13,42.06
11/17/2020,41.98,16088210,41.85,42.54,41.14
11/16/2020,42.13,16692060,41.77,42.15,40.92
11/13/2020,41.19,15021310,39.69,41.32,39.60
11/12/2020,39.32,20268330,40.11,40.24,38.81
11/11/2020,40.56,19841050,41.29,41.77,40.11
11/10/2020,41.08,26746940,39.75,41.59,39.56
11/9/2020,38.96,22100750,38.72,39.72,38.63
11/6/2020,37.47,18089200,37.50,38.14,37.01
11/5/2020,37.14,35075000,36.90,37.25,35.34
11/4/2020,35.24,14740620,35.31,35.77,34.23
11/3/2020,35.35,11439110,35.10,35.99,34.89
11/2/2020,34.55,14648410,35.12,35.38,34.38
10/30/2020,34.53,13074620,34.46,35.03,33.96
10/29/2020,34.89,14230350,34.51,35.66,34.36
10/28/2020,34.09,15010800,33.73,34.63,33.55
10/27/2020,34.89,11168570,35.55,35.86,34.75
10/26/2020,35.82,15448130,36.27,36.43,35.20
10/23/2020,36.83,16296330,37.49,38.03,36.78
10/22/2020,37.41,23288870,35.90,37.43,35.88
10/21/2020,35.77,23277870,36.10,36.28,35.13
10/20/2020,35.6,38660940,33.96,36.37,33.77
10/19/2020,33.35,10527290,33.50,33.87,33.05
10/16/2020,33.45,11956110,32.88,33.47,32.68
10/15/2020,32.59,11829830,30.99,32.69,30.95
10/14/2020,31.67,8018000,32.08,32.24,31.53
10/13/2020,31.87,7842070,32.13,32.28,31.47
10/12/2020,32.21,6932582,32.36,32.67,32.12
10/9/2020,32.16,9411657,32.30,32.68,32.02
10/8/2020,32.21,17323330,31.90,32.64,31.80
10/7/2020,31.62,11794970,30.85,31.76,30.81
10/6/2020,30.4,10293660,31.27,31.45,30.30
10/5/2020,30.96,8314143,30.85,31.29,30.80
10/2/2020,30.46,9474033,29.65,30.90,29.59
10/1/2020,30.38,15052940,29.52,30.51,29.15
9/30/2020,29.59,11523760,28.89,29.82,28.89
9/29/2020,28.74,7438617,29.27,29.40,28.50
9/28/2020,29.44,8395670,29.82,30.04,29.38
9/25/2020,29,9350419,28.86,29.22,28.56
9/24/2020,29.11,12393740,29.05,29.59,28.24
9/23/2020,29.34,10899720,29.49,29.99,29.20
9/22/2020,29.44,11106810,29.85,30.36,29.33
9/21/2020,30,20577930,30.30,30.42,29.16
9/18/2020,31.5,15040940,31.85,32.05,31.36
9/17/2020,31.92,11459930,31.31,31.95,30.95
9/16/2020,31.79,16402400,32.68,32.79,31.74
9/15/2020,31.58,21096310,31.36,33.14,30.83
9/14/2020,31.18,11972070,30.72,31.56,30.54
9/11/2020,30.46,13638660,30.30,30.57,29.87
9/10/2020,30.17,24848220,31.82,31.88,30.14
9/9/2020,31.95,22376280,32.11,32.75,31.73
9/8/2020,32.38,52000040,31.72,33.33,31.05
9/4/2020,30,13821990,29.93,30.37,29.36
9/3/2020,29.48,22358110,30.93,31.52,29.13
9/2/2020,30.96,16246160,29.85,31.09,29.80
9/1/2020,29.79,9012046,29.53,29.85,29.34
8/31/2020,29.63,9585300,30.02,30.19,29.61
8/28/2020,30.02,9180199,29.86,30.23,29.64
8/27/2020,29.69,8745402,29.60,30.24,29.52
8/26/2020,29.48,9740007,29.78,29.83,29.12
8/25/2020,29.69,13006670,30.40,30.73,29.48
8/24/2020,30.31,20137880,29.28,30.76,28.99
8/21/2020,28.56,9841202,28.74,28.95,28.43
8/20/2020,28.83,9680168,28.70,29.17,28.64
8/19/2020,29.22,14504200,29.65,30.03,29.08
8/18/2020,29.84,23102830,30.55,31.12,29.79
8/17/2020,30.01,33827830,28.60,30.78,28.43
8/14/2020,27.86,8587722,27.29,28.13,27.15
8/13/2020,27.55,7586072,27.73,28.22,27.50
8/12/2020,28.03,10062450,28.99,29.75,27.78
8/11/2020,28.52,17260200,28.47,29.35,28.44
8/10/2020,27.98,10853600,26.91,28.06,26.86
8/7/2020,26.72,8038761,26.48,26.81,26.17
8/6/2020,26.62,14171810,26.17,27.19,26.15
8/5/2020,26.33,9252746,26.20,26.35,25.88
8/4/2020,25.8,15609610,25.87,26.03,25.51
8/3/2020,25.64,10445590,25.06,25.77,24.82
7/31/2020,24.89,17784320,25.12,25.15,24.44
7/30/2020,25.2,16012010,25.13,25.46,25.02
7/29/2020,25.89,28792150,27.04,27.05,24.93
7/28/2020,26.33,12854300,25.78,26.75,25.69
7/27/2020,25.7,16598110,25.88,25.92,25.31
7/24/2020,26.25,8584829,26.60,26.88,26.11
7/23/2020,26.76,13653510,26.44,27.33,26.33
7/22/2020,26.3,10702600,25.87,26.50,25.80
7/21/2020,26.15,9740141,26.17,26.48,25.97
7/20/2020,26.01,8663498,26.21,26.54,25.77
7/17/2020,26.45,8241084,26.99,27.00,26.25
7/16/2020,26.85,9736414,26.35,27.19,26.26
7/15/2020,26.88,14893700,26.32,27.03,26.13
7/14/2020,25.64,16477080,24.80,25.85,24.67
7/13/2020,24.86,14766810,24.65,25.19,24.37
7/10/2020,24.39,15660010,23.55,24.40,23.33
7/9/2020,23.42,17778150,24.76,24.83,23.33
7/8/2020,24.94,11111570,25.19,25.26,24.67
7/7/2020,25.13,11950540,25.59,25.63,25.06
7/6/2020,25.73,9172140,25.96,26.04,25.43
7/2/2020,25.24,22202260,25.62,25.85,25.08
7/1/2020,24.96,11963030,25.30,25.94,24.93
6/30/2020,25.3,14321970,25.09,25.60,24.74
6/29/2020,25.3,10011690,24.71,25.35,24.48
6/26/2020,24.46,16476830,25.00,25.11,24.25
6/25/2020,25.23,14328320,25.00,25.29,24.54
6/24/2020,25.28,14887790,25.85,25.98,25.01
6/23/2020,26.25,12455450,26.75,26.85,26.23
6/22/2020,26.37,13079480,26.60,26.64,25.85
6/19/2020,26.59,27880400,27.74,27.83,26.33
6/18/2020,27.09,11086370,26.90,27.55,26.71
6/17/2020,27.16,11123840,27.78,28.05,27.13
6/16/2020,27.78,17466140,29.11,29.18,27.48
6/15/2020,27.77,15321200,26.61,28.10,26.57
6/12/2020,27.96,21587200,28.72,28.96,27.07
6/11/2020,26.5,19121920,26.62,27.80,26.29
6/10/2020,28.75,15647980,29.80,29.84,28.42
6/9/2020,29.86,16945520,29.40,30.22,28.71
6/8/2020,30.68,15234200,31.22,31.66,30.60
6/5/2020,30.61,29418650,31.00,31.15,29.81
6/4/2020,29.16,16328790,28.86,29.44,28.52
6/3/2020,29.07,16860900,28.42,29.13,28.25
6/2/2020,27.41,10953770,27.32,27.62,26.95
6/1/2020,26.94,10478950,25.99,27.22,25.91
5/29/2020,25.88,22223460,26.35,26.57,25.69
5/28/2020,26.68,11673960,27.86,27.94,26.60
5/27/2020,27.79,15030740,28.53,28.83,26.91
5/26/2020,27.4,18870480,27.82,27.89,27.25
5/22/2020,25.98,14317400,25.99,26.23,25.22
5/21/2020,25.8,14320720,25.29,26.02,25.21
5/20/2020,25.48,14056780,25.31,25.89,25.22
5/19/2020,24.69,18484600,24.75,25.70,24.29
5/18/2020,24.81,23289190,24.00,25.21,24.00
5/15/2020,22.63,14221280,21.97,22.68,21.83
5/14/2020,22.31,15629090,20.66,22.34,20.49
5/13/2020,21.46,16832580,22.44,22.45,21.13
5/12/2020,22.56,12182920,22.99,23.27,22.55
5/11/2020,22.8,16754040,23.25,23.39,22.59
5/8/2020,23.93,16562350,23.07,24.00,23.05
5/7/2020,22.44,16983200,22.18,22.98,22.03
5/6/2020,21.89,34430540,23.05,23.65,21.83
5/5/2020,21.26,17802260,21.25,21.97,21.12
5/4/2020,20.75,16188810,20.45,20.88,20.12
5/1/2020,20.9,17874490,21.65,21.76,20.80
4/30/2020,22.29,15272410,23.44,23.44,22.25
4/29/2020,23.78,23541000,22.75,24.57,22.68
4/28/2020,22.18,22085530,23.18,23.40,22.10
4/27/2020,22.45,20240600,21.52,22.57,21.14
4/24/2020,21.95,11991400,21.71,22.24,21.54
4/23/2020,21.52,10673000,21.55,22.06,21.45
4/22/2020,21.3,9553595,21.65,21.78,21.07
4/21/2020,21.24,13507350,21.27,21.89,20.98
4/20/2020,22.38,15912370,21.72,22.64,21.44
4/17/2020,22.48,17166300,21.92,22.54,21.83
4/16/2020,20.87,11501690,21.64,21.65,20.56
4/15/2020,21.66,12760860,21.92,22.27,21.47
4/14/2020,22.98,12654740,23.60,23.77,22.67
4/13/2020,23.01,14802610,24.04,24.10,22.72
4/9/2020,24.06,22490480,24.16,24.99,23.58
4/8/2020,23.13,23774360,21.74,23.60,21.47
4/7/2020,21.3,30405570,21.27,22.21,20.71
4/6/2020,19.55,22442070,19.10,19.76,18.55
4/3/2020,18.04,13835520,18.40,18.78,17.85
4/2/2020,18.19,17920650,19.10,19.69,17.79
4/1/2020,19.26,17467100,19.50,20.17,18.99
3/31/2020,20.78,20312830,20.97,22.21,20.55
3/30/2020,21.32,18477820,22.31,22.48,20.63
3/27/2020,21.38,18349690,21.37,21.96,20.74
3/26/2020,22.56,16990670,21.64,22.97,21.06
3/25/2020,21.49,27617210,23.00,23.15,21.00
3/24/2020,21.11,24082870,19.32,21.67,18.60
3/23/2020,17.6,25419730,18.01,18.56,17.23
3/20/2020,18.14,35702010,18.42,18.96,17.68
3/19/2020,17.71,34361820,16.34,18.99,15.00
3/18/2020,16.8,39591120,18.83,19.05,14.33
3/17/2020,20.32,23544420,21.31,21.58,19.50
3/16/2020,21,18056790,21.51,22.41,21.00
3/13/2020,24.71,17909820,24.60,25.33,22.90
3/12/2020,23.04,20344470,23.60,24.35,22.50
3/11/2020,26,21319200,26.00,26.62,25.76
3/10/2020,27.12,18287700,25.98,27.14,24.59
3/9/2020,24.69,28350600,26.00,26.12,24.15
3/6/2020,28.69,20009520,29.21,29.54,28.45
3/5/2020,30.1,17921350,30.54,30.77,30.01
3/4/2020,31.53,16227820,31.00,31.57,30.36
3/3/2020,30.52,15816150,31.50,32.30,30.26
3/2/2020,31.42,14994620,30.52,31.45,29.74
2/28/2020,30.5,20832320,29.78,30.50,29.33
2/27/2020,30.71,14940350,31.30,31.92,30.55
2/26/2020,32,14432820,32.10,32.61,31.89
2/25/2020,31.75,14621870,33.25,33.28,31.40
2/24/2020,33.09,14743090,33.64,33.75,32.79
2/21/2020,34.65,8432370,34.99,35.08,34.41
2/20/2020,35.29,7817861,34.66,35.40,34.59
2/19/2020,34.92,9079526,34.53,35.10,34.52
2/18/2020,34.41,10531930,34.25,34.74,33.96
2/14/2020,34.76,8945950,35.30,35.39,34.42
2/13/2020,35.29,7578794,35.21,35.53,35.16
2/12/2020,35.49,12076330,35.33,35.79,35.13
2/11/2020,35.01,12718580,34.34,35.26,34.07
2/10/2020,34.25,12260560,33.99,34.30,33.67
2/7/2020,33.63,14437130,34.08,34.16,33.43
2/6/2020,34.33,11866310,35.05,35.10,34.25
2/5/2020,35.03,19050390,34.90,35.45,34.19
2/4/2020,34.37,14346270,34.35,34.82,34.20
2/3/2020,33.72,17937070,33.56,34.34,33.52
1/31/2020,33.39,18631360,33.25,33.49,33.14
1/30/2020,33.33,11532980,33.40,33.45,32.97
1/29/2020,33.6,6978347,33.80,34.04,33.59
1/28/2020,33.64,8871039,33.57,33.86,33.34
1/27/2020,33.41,10359130,33.63,33.76,33.17
1/24/2020,34.31,9386634,34.90,34.99,34.01
1/23/2020,34.88,8595153,34.77,35.00,34.01
1/22/2020,34.91,7358445,35.13,35.35,34.86
1/21/2020,34.99,11550510,35.36,35.55,34.96
1/17/2020,35.6,9871725,35.57,35.73,35.41
1/16/2020,35.55,7280804,35.21,35.58,35.15
1/15/2020,35.15,7173939,35.00,35.32,34.89
1/14/2020,35.15,6828798,35.00,35.35,34.96
1/13/2020,34.98,7466898,34.69,35.00,34.49
1/10/2020,34.65,9647800,35.15,36.45,34.51
1/9/2020,35.08,9612874,34.99,35.10,34.53
1/8/2020,34.65,13229920,35.04,35.20,34.41
1/7/2020,35.15,17619970,35.75,35.84,34.74
1/6/2020,35.84,8413360,35.95,36.18,35.80
1/3/2020,36.32,9176038,36.73,36.92,36.11
1/2/2020,37.38,7457292,37.00,37.38,36.55
12/31/2019,36.6,5160227,36.37,36.74,36.32
12/30/2019,36.44,5358455,36.50,36.64,36.20
12/27/2019,36.56,5753508,36.56,36.71,36.43
12/26/2019,36.48,5444305,36.59,36.60,36.33
12/24/2019,36.58,2924240,36.73,36.74,36.50
12/23/2019,36.77,8755973,37.39,37.41,36.63
12/20/2019,37.25,13976430,37.54,37.62,37.19
12/19/2019,37.26,10774130,37.31,37.36,36.84
12/18/2019,37.31,12651700,36.34,37.43,36.33
12/17/2019,36.31,8871899,36.20,36.39,36.11
12/16/2019,36.11,11233740,35.82,36.25,35.65
12/13/2019,35.65,8278120,36.16,36.34,35.61
12/12/2019,36.1,11356780,35.34,36.29,35.24
12/11/2019,35.24,7754440,35.13,35.41,35.10
12/10/2019,35.11,7597677,35.35,35.38,34.96
12/9/2019,35.38,7055524,35.45,35.59,35.35
12/6/2019,35.54,8404793,35.64,35.76,35.45
12/5/2019,35.31,6893942,35.60,35.65,35.22
12/4/2019,35.8,8963211,35.74,36.05,35.68
12/3/2019,35.53,8276601,35.47,35.62,34.96
12/2/2019,35.88,6785427,36.01,36.36,35.84
11/29/2019,36,3927026,36.05,36.13,35.86
11/27/2019,36.14,5841215,36.01,36.27,35.85
11/26/2019,35.91,8248704,35.70,35.93,35.51
11/25/2019,35.81,12211450,35.45,35.89,35.35
11/22/2019,35.33,13567090,35.27,35.50,34.93
11/21/2019,34.67,14379800,35.53,35.58,34.59
11/20/2019,35.28,14064740,36.21,36.26,35.18
11/19/2019,36.38,10538840,36.67,36.70,36.01
11/18/2019,36.62,9768476,36.68,36.83,36.39
11/15/2019,36.89,12358880,37.00,37.11,36.73
11/14/2019,36.8,13024430,37.10,37.45,36.69
11/13/2019,37.19,12558970,38.40,38.40,37.09
11/12/2019,38.59,12687640,38.74,38.96,38.36
11/11/2019,38.72,3907447,38.60,38.80,38.38
11/8/2019,38.67,5913061,38.42,38.67,37.82
11/7/2019,38.49,8070100,38.60,38.90,38.46
11/6/2019,38.42,7280889,38.37,38.48,37.76
11/5/2019,38.23,7317805,38.61,38.89,38.21
11/4/2019,38.39,7782292,38.35,38.49,38.22
11/1/2019,37.97,7925272,37.21,38.07,37.21
10/31/2019,37.16,7652749,37.62,37.91,36.86
10/30/2019,37.91,7393204,38.26,38.26,37.42
10/29/2019,38.21,18562510,37.60,38.70,37.60
10/28/2019,36.64,10645490,37.21,37.30,36.49
10/25/2019,36.74,8735581,35.78,36.82,35.76
10/24/2019,35.82,6813476,36.62,36.77,35.75
10/23/2019,36.61,6468788,36.25,36.64,35.83
10/22/2019,36.31,6773553,35.77,36.58,35.56
10/21/2019,35.93,7429278,36.44,36.72,35.63
10/18/2019,36.17,6859606,36.09,36.37,36.01
10/17/2019,36.19,8739136,36.81,36.82,35.87
10/16/2019,36.65,13356270,36.49,37.22,36.45
10/15/2019,36.26,10719550,35.47,36.56,35.17
10/14/2019,35.5,5653992,35.39,35.56,35.27
10/11/2019,35.57,12239550,35.22,36.00,35.21
10/10/2019,34.66,10976210,34.45,35.30,34.21
10/9/2019,34.14,6361901,33.98,34.34,33.79
10/8/2019,33.88,11221300,34.31,34.47,33.71
10/7/2019,34.75,6867619,34.60,35.11,34.30
10/4/2019,34.91,7110646,35.00,35.19,34.58
10/3/2019,34.98,12122800,34.51,34.99,34.16
10/2/2019,34.68,13087970,35.77,35.77,34.41
10/1/2019,36.11,10128100,37.47,37.48,36.04
9/30/2019,37.48,7591572,37.53,37.58,37.01
9/27/2019,37.42,6879472,37.84,37.97,36.97
9/26/2019,37.61,8337758,37.36,37.89,37.17
9/25/2019,37.11,8461968,36.76,37.25,36.44
9/24/2019,36.77,8025683,37.34,37.49,36.55
9/23/2019,37.24,8231662,36.79,37.43,36.57
9/20/2019,37.37,18827410,38.06,38.07,37.29
9/19/2019,37.78,4949886,38.25,38.35,37.74
9/18/2019,38.18,6020721,38.15,38.35,37.92
9/17/2019,38.29,11404470,37.20,38.42,36.85
9/16/2019,37.21,15650270,37.97,38.16,36.97
9/13/2019,38.86,10133570,39.47,39.58,38.79
9/12/2019,39.07,6982125,39.41,39.49,38.90
9/11/2019,39.46,6991784,39.40,39.54,38.86
9/10/2019,39.58,7233592,39.20,39.68,38.84
9/9/2019,39.58,7543928,39.06,39.78,38.95
9/6/2019,38.78,5012699,38.92,38.93,38.52
9/5/2019,38.73,10747120,38.62,39.54,38.62
9/4/2019,38.24,8106851,37.31,38.32,37.24
9/3/2019,36.91,6094302,36.89,37.01,36.54
8/30/2019,37.09,4599533,37.25,37.34,36.91
8/29/2019,36.91,5123688,36.80,37.02,36.73
8/28/2019,36.44,7284586,35.70,36.57,35.58
8/27/2019,35.89,6222856,36.47,36.58,35.85
8/26/2019,36.25,4838792,36.49,36.61,36.01
8/23/2019,36.06,7834868,36.61,37.18,35.90
8/22/2019,37.26,4044319,37.25,37.51,37.05
8/21/2019,37.12,3793507,37.36,37.36,37.06
8/20/2019,36.96,4110525,37.20,37.29,36.92
8/19/2019,37.36,3900136,37.51,37.60,37.19
8/16/2019,37,7171944,36.58,37.10,36.37
8/15/2019,36.47,7904300,37.17,37.24,36.15
8/14/2019,37.19,9878088,38.25,38.28,37.05
8/13/2019,39.01,6350376,38.83,39.63,38.48
8/12/2019,38.86,4129924,39.23,39.31,38.67
8/9/2019,39.61,6125010,39.76,39.86,39.30
8/8/2019,40.1,6204377,39.50,40.20,39.37
8/7/2019,39.39,7924699,38.69,39.50,38.41
8/6/2019,39.08,7104475,39.16,39.31,38.65
8/5/2019,39.01,9478032,39.20,39.28,38.68
8/2/2019,39.78,9144879,39.91,40.23,39.59
8/1/2019,40.15,18102920,41.26,41.90,39.67
7/31/2019,40.34,10155720,40.60,40.72,40.11
7/30/2019,40.43,5436861,40.26,40.56,39.92
7/29/2019,40.68,5711203,40.71,40.88,40.56
7/26/2019,40.77,5705945,40.72,41.00,40.47
7/25/2019,40.75,8304803,40.34,40.82,40.12
7/24/2019,40.88,7318548,40.59,40.91,40.33
7/23/2019,40.71,12584310,40.35,40.92,40.15
7/22/2019,39.86,6814590,39.96,40.37,39.77
7/19/2019,39.48,8194487,39.40,39.82,39.24
7/18/2019,39.12,5713764,38.97,39.28,38.87
7/17/2019,39.16,5727315,39.41,39.46,38.82
7/16/2019,39.43,8584759,38.99,39.70,38.65
7/15/2019,39.36,5448843,39.21,39.36,38.89
7/12/2019,39.21,7164651,38.60,39.41,38.52
7/11/2019,38.43,4598365,38.28,38.58,38.10
7/10/2019,38.1,5153125,38.35,38.47,37.87
7/9/2019,38.08,6204688,37.97,38.17,37.58
7/8/2019,38.23,5787340,38.41,38.64,38.12
7/5/2019,38.5,4851942,38.00,38.52,37.74
7/3/2019,38.16,4409415,38.50,38.69,37.99
7/2/2019,38.34,6679404,38.73,38.75,38.15
7/1/2019,38.75,10240050,38.93,38.99,38.43
6/28/2019,38.53,11480910,38.33,38.93,38.33
6/27/2019,38.32,8106591,38.60,38.99,38.16
6/26/2019,38.13,11911380,37.82,38.50,37.71
6/25/2019,37.68,12930490,37.06,37.88,36.74
6/24/2019,36.96,7448962,36.83,37.12,36.58
6/21/2019,36.92,13004630,36.96,37.10,36.65
6/20/2019,36.96,8639702,37.15,37.31,36.49
6/19/2019,36.78,10884820,37.00,37.47,36.75
6/18/2019,36.7,8226935,36.38,36.78,36.14
6/17/2019,36.14,5455040,35.56,36.18,35.36
6/14/2019,35.66,4953403,35.88,35.99,35.54
6/13/2019,36.02,3917349,35.63,36.05,35.41
6/12/2019,35.67,5509488,36.26,36.26,35.56
6/11/2019,36.2,4652019,36.36,36.58,36.10
6/10/2019,36.01,8498258,36.13,36.51,35.89
6/7/2019,35.49,6561073,35.31,35.55,35.15
6/6/2019,35.19,9749235,35.09,35.44,34.46
6/5/2019,35.84,9605604,36.04,36.14,35.33
6/4/2019,35.73,12875740,34.38,35.77,34.30
6/3/2019,33.7,11019400,33.35,33.83,33.08
5/31/2019,33.34,15779920,33.30,33.70,33.15
5/30/2019,34.82,8550029,34.76,35.09,34.48
5/29/2019,34.79,12911440,34.67,34.85,34.32
5/28/2019,34.85,7895449,35.20,35.34,34.71
5/24/2019,35.12,5262511,35.40,35.42,34.87
5/23/2019,35.13,13746160,35.15,35.18,34.35
5/22/2019,35.55,13264070,37.00,37.05,35.41
5/21/2019,37.13,8387594,37.00,37.24,36.73
5/20/2019,36.97,17522250,36.66,37.00,36.64
5/17/2019,37,7970012,37.01,37.36,36.85
5/16/2019,37.38,5734645,37.30,37.62,37.13
5/15/2019,37.37,8190434,36.63,37.56,36.48
5/14/2019,37.04,6534561,36.81,37.39,36.68
5/13/2019,36.56,19454840,36.85,37.12,36.45
5/10/2019,37.89,6440647,37.50,37.98,37.04
5/9/2019,37.58,8898600,37.59,37.67,37.22
5/8/2019,38.21,7082944,38.42,38.78,38.14
5/7/2019,38.53,11257010,38.86,38.89,38.27
5/6/2019,38.09,7506430,37.50,38.17,37.25
5/3/2019,38.8,7200999,38.54,38.90,38.17
5/2/2019,38.25,11291930,38.46,38.84,38.20
5/1/2019,38.75,8843444,39.00,39.20,38.66
4/30/2019,38.95,15795460,38.92,39.47,38.56
4/29/2019,40.01,9372633,39.75,40.28,39.69
4/26/2019,39.68,11688090,40.05,40.10,39.44
4/25/2019,39.11,8151227,39.52,39.72,38.95
4/24/2019,39.72,5563010,39.51,39.89,39.37
4/23/2019,39.83,9286681,39.40,39.84,39.18
4/22/2019,39.5,6327178,40.00,40.10,39.49
4/18/2019,40.3,10677960,40.00,40.45,39.98
4/17/2019,39.99,8261474,40.10,40.26,39.88
4/16/2019,39.66,5985300,39.56,39.91,39.46
4/15/2019,39.57,5179393,39.90,40.01,39.35
4/12/2019,39.71,4929125,39.60,40.05,39.53
4/11/2019,39.33,4581538,39.38,39.59,39.13
4/10/2019,39.25,5470806,38.89,39.42,38.78
4/9/2019,38.86,6527194,38.85,39.08,38.70
4/8/2019,39.06,5992393,38.77,39.09,38.76
4/5/2019,38.94,4495851,38.85,39.01,38.58
4/4/2019,38.79,7115602,38.40,38.94,38.39
4/3/2019,38.39,8815324,38.25,38.64,38.23
4/2/2019,37.81,5614324,37.83,38.01,37.61
4/1/2019,37.76,7008929,37.40,37.82,37.33
3/29/2019,37.1,9428632,37.31,37.40,36.92
3/28/2019,37.06,5543121,36.70,37.23,36.66
3/27/2019,36.61,6953984,36.92,37.24,36.47
3/26/2019,36.87,6816084,36.93,36.98,36.56
3/25/2019,36.75,6716361,36.48,37.03,36.26
3/22/2019,36.44,9968408,37.09,37.30,36.29
3/21/2019,37.35,8054917,37.00,37.38,36.78
3/20/2019,37,11677880,37.74,37.94,36.78
3/19/2019,38.27,8790057,38.31,38.75,38.04
3/18/2019,37.98,7310863,38.18,38.24,37.62
3/15/2019,38.07,16854720,38.04,38.29,37.88
3/14/2019,38.03,8507330,38.76,38.82,37.94
3/13/2019,38.8,6488442,38.74,39.03,38.60
3/12/2019,38.62,6272501,38.70,39.03,38.50
3/11/2019,38.62,12217050,38.08,38.79,38.00
3/8/2019,37.99,6459778,37.63,38.04,37.50
3/7/2019,38.04,8998280,38.10,38.34,37.64
3/6/2019,38.67,9413135,39.24,39.29,38.49
3/5/2019,39.28,4762852,39.28,39.42,39.02
3/4/2019,39.25,7520405,39.70,41.50,39.03
3/1/2019,39.53,7682895,39.85,39.97,39.05
2/28/2019,39.48,9047760,39.82,39.91,39.20
2/27/2019,40,8671885,40.09,40.16,39.78
2/26/2019,40.11,7599635,39.91,40.36,39.83
2/25/2019,40.14,7870690,40.25,40.46,40.09
2/22/2019,39.99,6206497,39.84,40.01,39.44
2/21/2019,39.62,7397315,40.00,40.20,39.54
2/20/2019,39.95,8792165,39.64,40.11,39.52
2/19/2019,39.53,9122174,38.98,39.68,38.91
2/15/2019,39.09,8581968,39.06,39.19,38.74
2/14/2019,38.89,6450004,38.81,39.09,38.71
2/13/2019,39,5909416,39.28,39.39,38.82
2/12/2019,39.03,9200297,38.80,39.32,38.80
2/11/2019,38.63,8819282,38.31,38.69,38.22
2/8/2019,38.7,7199256,38.50,38.71,38.01
2/7/2019,38.65,15686810,39.23,39.41,38.34
2/6/2019,39.91,16876500,40.17,40.74,39.53
2/5/2019,39.3,11584790,39.08,39.36,38.73
2/4/2019,38.93,9942391,38.65,38.94,38.35
2/1/2019,38.78,7972813,38.91,39.15,38.52
1/31/2019,39.02,11126340,38.81,39.05,38.49
1/30/2019,39.09,10913320,38.50,39.14,38.12
1/29/2019,38.47,5745149,38.31,38.54,38.09
1/28/2019,38.46,11323250,38.23,38.60,38.06
1/25/2019,38.64,8842456,38.65,38.83,38.36
1/24/2019,38.16,7806808,37.76,38.29,37.66
1/23/2019,37.67,7680931,38.20,38.36,37.48
1/22/2019,38.15,11458520,38.28,38.79,37.89
1/18/2019,38.61,10489890,38.45,38.77,37.84
1/17/2019,38.26,13058410,37.50,38.30,37.40
1/16/2019,37.67,17334970,37.48,37.98,37.27
1/15/2019,37.55,11988950,37.84,37.84,36.80
1/14/2019,37.66,14346850,37.25,38.00,37.02
1/11/2019,37.18,32250660,36.60,37.97,36.25
1/10/2019,34.73,9094653,35.00,35.05,34.17
1/9/2019,35.18,9867922,34.96,35.59,34.71
1/8/2019,34.81,10293070,35.00,35.68,34.49
1/7/2019,34.36,10718310,33.71,34.97,33.48
1/4/2019,33.33,10694750,32.80,33.57,32.43
1/3/2019,32.25,11661010,33.34,33.68,32.20
1/2/2019,33.64,7655438,32.85,33.81,32.41
12/31/2018,33.45,8455499,34.00,34.22,32.92
12/28/2018,33.92,8677459,33.95,34.73,33.68
12/27/2018,33.96,12818650,33.07,34.00,32.39
12/26/2018,33.52,12479300,32.58,33.53,31.46
12/24/2018,32.37,9110187,32.65,32.94,32.25
12/21/2018,32.98,21379790,34.23,34.85,32.96
12/20/2018,34.27,14827820,34.93,35.36,33.84
12/19/2018,34.93,11879660,35.01,36.20,34.69
12/18/2018,34.9,8356386,35.02,35.53,34.69
12/17/2018,34.66,10662040,34.94,35.62,34.46
12/14/2018,35.1,8415283,35.00,35.70,34.85
12/13/2018,35.11,8287680,35.96,36.18,35.07
12/12/2018,35.68,10322390,35.23,36.04,35.23
12/11/2018,34.69,12223030,35.55,35.75,34.65
12/10/2018,34.42,12319290,34.55,34.78,33.46
12/7/2018,34.69,9236156,35.44,35.93,34.55
12/6/2018,35.7,14474550,35.74,35.75,34.91
12/4/2018,36.52,14231580,38.22,38.30,36.50
12/3/2018,38.45,17151590,39.00,39.61,38.37
11/30/2018,37.95,18083660,36.74,38.00,36.66
11/29/2018,36.76,7771924,36.79,36.96,36.30
11/28/2018,36.95,12424630,36.76,37.00,35.94
11/27/2018,36.69,25550110,37.27,37.55,36.21
11/26/2018,37.65,30351760,36.14,38.75,36.05
11/23/2018,35.93,4231366,35.33,36.11,35.20
11/21/2018,35.55,6555478,35.30,35.86,34.97
11/20/2018,35.09,9607821,35.10,35.62,34.85
11/19/2018,35.68,11591070,35.75,35.97,35.41
11/16/2018,35.75,11680310,35.32,35.79,35.02
11/15/2018,35.55,17669140,34.91,35.59,33.85
11/14/2018,35.23,10882890,36.20,36.32,34.98
11/13/2018,35.93,8585259,35.92,36.65,35.71
11/12/2018,35.69,10061090,35.64,36.04,35.45
11/9/2018,35.7,9036404,36.12,36.44,35.35
11/8/2018,36.57,10716210,36.41,36.89,36.29
11/7/2018,36.88,9456425,36.73,37.00,36.37
11/6/2018,36.46,11187720,36.18,36.56,36.09
11/5/2018,36.25,11471350,36.00,36.39,35.85
11/2/2018,36.03,12887730,36.80,37.28,35.56
11/1/2018,36.47,14665890,36.24,36.69,35.70
10/31/2018,36.59,37763070,35.97,37.05,35.40
10/30/2018,33.54,16279570,33.18,33.92,33.02
10/29/2018,33.13,18987370,34.11,34.30,32.73
10/26/2018,32.65,18036750,31.68,32.88,31.63
10/25/2018,32,16757790,31.19,32.20,31.07
10/24/2018,30.56,18770520,31.79,32.06,30.56
10/23/2018,32.12,16007060,30.94,32.40,30.89
10/22/2018,31.34,10978120,31.45,31.59,31.03
10/19/2018,31.2,12744980,30.72,31.47,30.57
10/18/2018,31.08,14349000,31.71,31.81,30.97
10/17/2018,31.93,9098331,32.06,32.29,31.58
10/16/2018,32.34,11876710,32.46,32.54,31.86
10/15/2018,32.12,13621020,31.69,32.45,31.67
10/12/2018,31.79,14943580,32.74,32.74,31.49
10/11/2018,32.31,18005300,32.61,33.50,32.19
10/10/2018,32.6,16638350,32.60,32.96,32.12
10/9/2018,32.65,19915140,34.00,34.00,32.59
10/8/2018,34.25,8405197,33.82,34.27,33.75
10/5/2018,34.12,10740210,34.41,34.51,33.97
10/4/2018,34.25,18905430,34.11,34.66,33.95
10/3/2018,34,28259330,35.02,35.05,33.77
10/2/2018,33.3,22724840,33.95,34.34,33.20
10/1/2018,34.2,13737610,34.30,34.54,33.99
9/28/2018,33.67,8832117,33.57,33.69,33.29
9/27/2018,33.67,11657100,33.51,33.75,33.28
9/26/2018,33.73,17039340,33.49,34.00,33.35
9/25/2018,33.55,14697730,34.48,34.68,33.50
9/24/2018,34.75,9920501,35.04,35.38,34.45
9/21/2018,35.32,27038180,36.31,36.49,35.16
9/20/2018,36.08,11339880,35.91,36.45,35.74
9/19/2018,35.73,10878580,35.36,35.94,35.30
9/18/2018,35.1,8845708,35.17,35.23,34.59
9/17/2018,35.02,10855890,34.50,35.22,34.41
9/14/2018,34.63,13614010,34.47,34.75,34.33
9/13/2018,34.25,14826960,34.26,34.48,33.90
9/12/2018,34.06,9362817,33.70,34.49,33.70
9/11/2018,33.77,8479996,33.92,33.96,33.44
9/10/2018,33.87,10674670,33.92,34.25,33.83
9/7/2018,33.91,13206250,34.35,34.36,33.61
9/6/2018,34.38,12874460,35.00,35.27,34.38
9/5/2018,35.29,12716950,35.60,35.60,35.05
9/4/2018,35.6,12783230,36.00,36.00,35.32
8/31/2018,36.05,13662460,36.20,36.30,35.78
8/30/2018,36.36,9762245,37.00,37.06,36.19
8/29/2018,37.12,7178094,37.39,37.42,36.88
8/28/2018,37.32,9638801,37.85,37.86,36.93
8/27/2018,37.69,17744570,36.29,37.79,36.23
8/24/2018,35.95,7277437,35.95,36.10,35.76
8/23/2018,35.67,8697971,35.95,36.17,35.63
8/22/2018,36.13,8868455,36.60,36.72,36.10
8/21/2018,36.91,10022600,36.75,37.07,36.74
8/20/2018,36.77,6183952,36.63,36.95,36.36
8/17/2018,36.38,7796099,36.08,36.57,35.91
8/16/2018,36.29,9413750,36.18,36.68,36.07
8/15/2018,35.94,10719380,35.82,35.95,35.21
8/14/2018,36.2,7323947,36.25,36.54,36.17
8/13/2018,36.16,15573470,36.59,36.67,35.87
8/10/2018,36.59,9262430,37.32,37.36,36.47
8/9/2018,37.51,12410780,37.67,38.32,37.32
8/8/2018,37.66,6759477,37.61,37.93,37.29
8/7/2018,37.58,7652041,37.70,37.87,37.50
8/6/2018,37.6,5266780,37.57,37.69,37.35
8/3/2018,37.73,9331864,36.65,37.77,36.65
8/2/2018,36.62,13065530,37.00,37.05,36.35
8/1/2018,37.14,11121640,37.89,37.89,36.88
7/31/2018,37.91,16476110,37.79,38.19,37.70
7/30/2018,37.67,9458784,37.66,38.10,37.45
7/27/2018,37.53,12629300,36.83,37.64,36.77
7/26/2018,36.75,16712570,37.07,37.55,36.60
7/25/2018,37.65,42451780,37.45,37.90,36.26
7/24/2018,39.48,10682290,39.87,39.98,39.26
7/23/2018,39.27,7683558,39.20,39.38,38.95
7/20/2018,39.4,10947600,39.07,39.42,38.86
7/19/2018,39.31,6777336,39.58,39.81,39.18
7/18/2018,39.87,9051080,40.06,40.29,39.56
7/17/2018,40.03,8760894,39.50,40.50,39.49
7/16/2018,39.56,7465980,39.31,39.60,39.17
7/13/2018,39.36,5144457,39.11,39.41,38.93
7/12/2018,39.27,8250254,39.60,39.64,39.01
7/11/2018,39.3,8815849,39.50,39.69,39.18
7/10/2018,40.09,10117640,39.84,40.31,39.61
7/9/2018,39.75,7366912,39.38,40.00,39.05
7/6/2018,39.16,7897062,39.38,39.45,38.70
7/5/2018,39.47,8304284,39.61,40.00,39.21
7/3/2018,38.97,4975776,39.71,39.82,38.92
7/2/2018,39.5,8605903,39.08,39.56,38.75
6/29/2018,39.4,14052550,40.67,40.80,39.37
6/28/2018,40.52,10158030,40.45,40.67,39.66
6/27/2018,40.37,9286085,41.00,41.32,40.35
6/26/2018,41.01,12541720,40.55,41.32,40.49
6/25/2018,40.61,10604390,41.00,41.20,40.21
6/22/2018,41.25,9541655,41.41,41.75,40.94
6/21/2018,41.12,13909310,41.14,41.84,40.81
6/20/2018,41.95,9511921,42.57,42.83,41.79
6/19/2018,42.26,17993210,43.07,43.19,41.88
6/18/2018,43.95,10777280,43.60,44.14,43.37
6/15/2018,43.91,23680310,43.28,45.00,42.76
6/14/2018,43.57,10008000,44.39,44.40,43.42
6/13/2018,44.45,11233100,44.12,44.46,43.83
6/12/2018,44.18,9931205,44.86,44.95,44.16
6/11/2018,44.85,14017090,44.30,44.89,44.29
6/8/2018,44.25,8548792,43.98,44.33,43.92
6/7/2018,44.01,15329300,43.51,44.37,43.51
6/6/2018,43.93,18018710,43.66,44.00,43.36
6/5/2018,43.41,11889720,43.61,43.77,43.35
6/4/2018,43.78,12617480,43.24,43.85,43.16
6/1/2018,43.2,24403340,42.98,43.32,42.33
5/31/2018,42.7,59890100,41.65,42.77,41.27
5/30/2018,37.83,11818710,37.50,37.87,37.48
5/29/2018,37.38,12342230,38.01,38.05,37.27
5/25/2018,38.3,5246929,38.25,38.40,38.11
5/24/2018,38.39,8465212,38.00,38.59,37.90
5/23/2018,37.85,8790638,38.18,38.19,37.46
5/22/2018,38.28,6989939,38.58,38.77,38.26
5/21/2018,38.09,5971601,38.16,38.34,37.98
5/18/2018,37.79,5560878,38.27,38.40,37.72
5/17/2018,38.3,9138623,37.97,38.48,37.75
5/16/2018,38.03,8190176,36.97,38.04,36.97
5/15/2018,36.94,6505236,36.40,36.96,36.40
5/14/2018,36.63,6392820,37.06,37.07,36.56
5/11/2018,36.89,4845827,37.11,37.25,36.78
5/10/2018,37.16,6793417,36.46,37.22,36.42
5/9/2018,36.27,7605678,36.39,36.74,35.97
5/8/2018,36.33,8355321,36.38,36.61,36.11
5/7/2018,36.34,9195837,36.63,36.77,36.29
5/4/2018,36.71,6638225,36.15,36.78,35.87
5/3/2018,36.15,15728600,35.99,36.17,35.28
5/2/2018,36.2,9429723,36.48,36.70,36.15
5/1/2018,36.42,11380330,36.76,36.96,35.89
4/30/2018,36.74,11818600,37.88,38.07,36.74
4/27/2018,37.65,8658116,38.16,38.21,37.49
4/26/2018,38.25,16557820,37.59,38.28,36.83
4/25/2018,38.11,7600423,37.73,38.20,37.50
4/24/2018,37.93,8948784,37.93,38.17,37.54
4/23/2018,37.69,7301926,37.49,37.96,37.43
4/20/2018,37.61,8698428,37.75,38.01,37.35
4/19/2018,37.77,10228010,38.71,38.91,37.43
4/18/2018,38.93,6091688,39.24,39.67,38.90
4/17/2018,39.22,5428228,39.64,39.65,39.08
4/16/2018,39.17,5064428,38.97,39.42,38.67
4/13/2018,38.73,6117014,39.12,39.38,38.57
4/12/2018,38.83,7895554,39.27,39.49,38.77
4/11/2018,39,8371544,38.72,39.29,38.49
4/10/2018,39.07,15504870,38.60,39.35,38.39
4/9/2018,37.83,13421870,38.28,38.50,37.81
4/6/2018,37.68,14716960,37.96,38.16,37.20
4/5/2018,38,11466290,38.25,38.48,37.89
4/4/2018,38.03,15734920,36.01,38.13,35.95
4/3/2018,36.94,15816830,36.80,37.35,36.39
4/2/2018,35.76,13873330,36.10,36.26,35.23
3/29/2018,36.34,13048980,35.83,36.53,35.69
3/28/2018,35.47,17818150,35.01,35.79,34.90
3/27/2018,34.87,17435660,36.02,36.03,34.50
3/26/2018,35.99,9282914,35.94,36.05,35.29
3/23/2018,35.17,13175380,36.42,36.59,35.13
3/22/2018,36.35,13113440,37.23,37.33,36.27
3/21/2018,37.58,11543880,37.16,38.02,37.10
3/20/2018,36.89,8494277,37.13,37.26,36.74
3/19/2018,37.01,12039840,37.93,37.98,36.54
3/16/2018,37.94,10304470,37.92,38.15,37.69
3/15/2018,37.85,8140064,37.97,37.99,37.59
3/14/2018,37.69,13349600,38.48,38.61,37.65
3/13/2018,38.01,12400500,37.97,38.54,37.87
3/12/2018,37.83,11345950,37.87,37.99,37.58
3/9/2018,37.84,12262990,37.85,38.08,37.66
3/8/2018,37.84,13017000,37.64,37.93,37.22
3/7/2018,37.74,15046920,37.39,37.84,37.16
3/6/2018,37.93,12129980,38.02,38.08,37.54
3/5/2018,37.74,12010000,37.33,37.90,37.11
3/2/2018,37.43,24056010,37.47,37.61,36.59
3/1/2018,37.79,26173740,39.59,39.59,37.41
2/28/2018,39.35,22848040,39.62,40.15,39.32
2/27/2018,40.17,12692900,41.49,41.54,40.12
2/26/2018,41.54,9385239,41.08,41.62,40.75
2/23/2018,40.91,6419172,41.05,41.14,40.58
2/22/2018,40.91,8782387,40.66,41.20,40.50
2/21/2018,40.56,9084667,40.75,41.30,40.51
2/20/2018,40.77,7675672,40.90,41.33,40.59
2/16/2018,41.09,14861080,41.85,42.28,41.00
2/15/2018,41.85,9715684,42.06,42.21,41.40
2/14/2018,41.81,10269480,41.03,41.91,40.93
2/13/2018,41.4,8926848,41.70,42.07,41.37
2/12/2018,42,19375600,41.95,42.62,41.61
2/9/2018,41.46,19569280,41.16,41.97,40.23
2/8/2018,40.75,18028690,42.46,42.71,40.74
2/7/2018,42.39,19382810,41.80,43.56,41.65
2/6/2018,41.86,26016800,40.06,42.23,40.00
2/5/2018,39.54,19548290,40.98,41.67,39.51
2/2/2018,41,13980360,42.22,42.27,40.85
2/1/2018,42.43,9629831,42.12,42.60,41.95
1/31/2018,42.41,19736990,42.78,42.95,42.14
1/30/2018,42.7,8440305,42.83,43.22,42.52
1/29/2018,43.02,8176231,43.47,43.78,42.98
1/26/2018,43.49,8609934,43.32,43.57,42.99
1/25/2018,43.16,11028890,44.46,44.48,42.98
1/24/2018,44.16,11321030,43.50,44.40,43.45
1/23/2018,43.38,14066880,43.34,43.44,42.91
1/22/2018,43.29,19391390,43.16,43.42,42.82
1/19/2018,43.15,13540700,44.05,44.09,43.04
1/18/2018,43.86,11862910,44.18,44.19,43.64
1/17/2018,44.03,15837930,44.01,44.27,43.40
1/16/2018,44.19,19996820,45.10,45.52,43.75
1/12/2018,44.07,14895990,44.15,44.70,43.66
1/11/2018,44.19,11228930,43.28,44.27,43.16
1/10/2018,43,18277420,43.84,44.14,42.61
1/9/2018,44.05,7767903,44.31,44.59,43.74
1/8/2018,44.22,13099060,44.04,44.59,43.52
1/5/2018,44.01,9519936,44.50,44.64,43.96
1/4/2018,44.14,17296990,43.09,44.25,43.01
1/3/2018,42.82,14570100,42.21,42.95,42.20
1/2/2018,41.8,6924802,41.24,41.87,41.15
12/29/2017,40.99,6578548,41.52,41.59,40.99
12/28/2017,41.38,5004763,41.34,41.44,41.20
12/27/2017,41.31,4932813,41.76,41.85,41.30
12/26/2017,41.8,3369417,41.86,42.09,41.63
12/22/2017,42.02,4899881,42.30,42.31,41.81
12/21/2017,42.16,10143640,42.58,42.75,42.13
12/20/2017,42.52,8636499,42.74,42.78,42.39
12/19/2017,42.49,13240690,42.71,42.80,42.44
12/18/2017,42.15,22134340,41.27,42.32,41.25
12/15/2017,40.95,24465420,40.92,41.33,40.92
12/14/2017,40.81,9275401,41.38,41.44,40.70
12/13/2017,41.4,9968177,41.54,41.91,41.39
12/12/2017,41.53,8820947,41.65,41.77,41.26
12/11/2017,41.67,14098040,41.88,41.93,41.56
12/8/2017,42.02,13658320,42.26,42.30,41.84
12/7/2017,42.02,16450020,41.71,42.39,41.54
12/6/2017,42.15,12866140,42.57,42.69,42.14
12/5/2017,42.8,11288240,43.01,43.06,42.52
12/4/2017,43.05,14009340,43.20,43.42,42.92
12/1/2017,35.55,19323310,35.30,35.86,34.97
11/30/2017,43.09,32483060,44.00,44.53,42.70
11/29/2017,43.81,19427650,45.10,45.35,43.79
11/28/2017,44.92,15931190,44.35,45.08,44.14
11/27/2017,44.17,8651184,44.47,44.49,43.88
11/24/2017,44.46,3805890,44.45,44.54,44.24
11/22/2017,44.29,9836658,44.89,44.95,44.21
11/21/2017,44.97,11970820,45.07,45.18,44.66
11/20/2017,44.88,15080350,44.48,45.09,44.26
11/17/2017,43.88,10594220,43.53,44.14,43.49
11/16/2017,43.6,11247360,43.04,43.63,42.80
11/15/2017,42.86,13618110,42.73,43.04,42.10
11/14/2017,43,9433176,43.15,43.45,42.74
11/13/2017,43.57,11730070,42.60,43.63,42.55
11/10/2017,42.66,14099160,42.14,43.00,42.06
11/9/2017,42.11,8896895,42.04,42.16,41.62
11/8/2017,42.11,14218280,41.86,42.12,41.53
11/7/2017,41.7,8878235,42.15,42.41,41.59
11/6/2017,42.14,14172780,42.30,42.36,41.35
11/3/2017,42.34,9848211,42.60,42.73,42.19
11/2/2017,42.6,11989540,43.30,43.30,42.46
11/1/2017,43.13,14684950,42.72,43.37,41.90
10/31/2017,42.98,13238600,43.23,43.67,42.96
10/30/2017,43.37,23773210,43.04,43.81,42.26
10/27/2017,44.64,11874690,45.14,45.17,44.10
10/26/2017,45.25,9649594,45.19,45.64,45.10
10/25/2017,45.12,18057070,45.70,45.97,44.77
10/24/2017,46.48,27871680,45.91,46.76,45.72
10/23/2017,45.15,10754960,45.54,45.81,45.15
10/20/2017,45.61,12178840,45.50,45.73,45.14
10/19/2017,45.35,12891390,44.75,45.40,44.56
10/18/2017,45.12,10875730,45.28,45.59,45.03
10/17/2017,45.02,14070460,45.80,46.06,44.96
10/16/2017,45.76,8840263,45.77,45.86,45.35
10/13/2017,45.88,13929430,45.28,46.11,45.00
10/12/2017,44.89,15716400,44.97,45.43,44.15
10/11/2017,45.47,13348040,45.30,45.59,45.08
10/10/2017,45.21,14025760,45.29,45.40,44.86
10/9/2017,45.33,10923430,45.03,45.43,44.93
10/6/2017,44.93,20915860,44.04,45.17,44.00
10/5/2017,43.85,16629720,43.90,44.08,43.68
10/4/2017,43.78,13400430,43.35,43.94,43.20
10/3/2017,43.45,31033050,43.12,43.70,43.00
10/2/2017,42.15,33796840,41.01,42.48,40.80
9/29/2017,40.38,8904598,40.56,40.67,40.27
9/28/2017,40.58,9644816,40.48,40.58,40.37
9/27/2017,40.58,9701743,40.31,40.69,40.16
9/26/2017,40.26,13151290,40.33,40.62,40.18
9/25/2017,40.3,21541420,40.19,40.64,40.00
9/22/2017,39.42,12666920,39.30,39.54,39.18
9/21/2017,39.1,13810450,38.86,39.24,38.86
9/20/2017,38.88,12392890,38.86,39.00,38.69
9/19/2017,38.7,11545750,38.54,38.87,38.54
9/18/2017,38.59,12360150,38.90,38.98,38.55
9/15/2017,38.88,25351030,38.74,39.03,38.64
9/14/2017,38.79,17518460,38.19,39.18,38.11
9/13/2017,38.21,10608790,37.88,38.28,37.82
9/12/2017,37.89,10760490,37.41,38.00,37.35
9/11/2017,37.35,13489730,37.11,37.48,37.04
9/8/2017,37,8155007,36.80,37.04,36.62
9/7/2017,36.91,14327500,37.40,37.43,36.70
9/6/2017,37.67,12346160,37.51,37.74,37.33
9/5/2017,37.23,12737060,37.29,37.43,36.87
9/1/2017,37.36,17969240,36.73,37.75,36.65
8/31/2017,36.54,13568900,35.90,36.74,35.90
8/30/2017,35.82,7248755,35.54,35.84,35.41
8/29/2017,35.52,5519788,35.35,35.55,35.21
8/28/2017,35.51,7991985,35.68,35.78,35.30
8/25/2017,35.6,6663935,35.54,35.88,35.54
8/24/2017,35.52,4955424,35.64,35.73,35.45
8/23/2017,35.49,6430378,35.27,35.66,35.12
8/22/2017,35.3,7814167,35.00,35.42,34.97
8/21/2017,34.91,5994802,34.90,35.06,34.79
8/18/2017,34.83,7192477,34.90,35.06,34.61
8/17/2017,35,7175026,35.61,35.66,34.97
8/16/2017,35.75,6927258,35.65,35.77,35.52
8/15/2017,35.54,6014045,35.56,35.86,35.42
8/14/2017,35.47,7366682,35.16,35.56,35.05
8/11/2017,34.93,6782884,34.97,35.21,34.86
8/10/2017,34.88,9626005,35.20,35.30,34.87
8/9/2017,35.28,8245556,35.15,35.44,35.07
8/8/2017,35.39,9021779,35.30,35.83,35.23
8/7/2017,35.3,8254446,35.16,35.40,35.12
8/4/2017,35.27,9159191,34.97,35.45,34.76
8/3/2017,34.77,10362310,34.92,35.19,34.75
8/2/2017,34.82,9248635,34.64,34.99,34.62
8/1/2017,34.76,21562940,35.81,35.98,34.59
7/31/2017,35.98,13844230,35.82,36.30,35.79
7/28/2017,35.77,7531894,35.82,35.87,35.48
7/27/2017,35.94,9969556,35.52,35.99,35.38
7/26/2017,35.62,10740490,35.55,35.91,35.40
7/25/2017,35.57,14496730,35.94,36.17,35.50
7/24/2017,35.82,11603840,35.99,36.09,35.72
7/21/2017,36.07,8820476,36.05,36.11,35.71
7/20/2017,36.41,10130600,36.50,36.63,36.29
7/19/2017,36.47,7802073,36.38,36.54,36.30
7/18/2017,36.43,7710550,36.31,36.49,36.22
7/17/2017,36.38,10620880,36.38,36.54,36.20
7/14/2017,36.35,10227990,36.03,36.44,35.98
7/13/2017,35.86,13767410,35.50,36.12,35.45
7/12/2017,35.5,7519371,35.50,35.90,35.47
7/11/2017,35.4,10122710,35.19,35.46,35.14
7/10/2017,35.19,10546270,35.00,35.35,34.87
7/7/2017,34.94,8500911,35.00,35.05,34.77
7/6/2017,34.87,8553845,34.87,35.16,34.73
7/5/2017,35.01,10818570,35.57,35.58,34.88
7/3/2017,35.57,10915740,34.52,36.00,34.45
6/30/2017,34.93,7669531,34.97,35.05,34.77
6/29/2017,34.86,10208830,34.66,34.93,34.53
6/28/2017,34.58,11001640,34.57,34.75,34.46
6/27/2017,34.21,11656910,34.33,34.50,34.02
6/26/2017,34.52,11833900,34.27,34.65,34.18
6/23/2017,34.2,10237820,34.14,34.27,33.96
6/22/2017,34.19,8928513,34.05,34.34,33.86
6/21/2017,34.13,9127563,34.48,34.50,33.95
6/20/2017,34.4,8296631,34.34,34.52,34.15
6/19/2017,34.35,11221310,34.37,34.57,34.28
6/16/2017,34.29,16193240,34.59,34.60,33.93
6/15/2017,34.6,10177010,34.41,34.67,34.38
6/14/2017,34.61,10586880,34.54,34.64,34.15
6/13/2017,34.51,12083220,34.68,34.70,34.20
6/12/2017,34.68,14304900,34.22,34.82,34.22
6/9/2017,34.34,14853470,34.05,34.44,34.05
6/8/2017,34.11,10733070,33.88,34.22,33.84
6/7/2017,34.34,13019120,34.19,34.46,34.09
6/6/2017,34.43,11521660,34.33,34.48,34.10
6/5/2017,34.46,11884550,34.47,34.74,34.26
6/2/2017,34.45,11653760,34.35,34.53,33.96
6/1/2017,34.43,22656560,34.06,34.87,33.05
5/31/2017,33.93,16537230,33.71,33.97,33.48
5/30/2017,33.53,13922940,33.09,33.74,33.04
5/26/2017,33.07,16806400,32.36,33.07,32.24
5/25/2017,32.6,32341860,33.20,33.47,31.92
5/24/2017,33.2,10717500,33.20,33.41,33.00
5/23/2017,33.22,17574180,33.05,33.40,33.01
5/22/2017,32.92,18254190,32.97,33.25,32.74
5/19/2017,32.72,13998440,32.55,32.97,32.51
5/18/2017,32.47,14030140,32.23,32.67,32.21
5/17/2017,32.42,18631260,33.16,33.51,32.09
5/16/2017,33.42,13545210,33.90,33.99,33.36
5/15/2017,33.82,13585410,33.97,34.15,33.65
5/12/2017,33.62,12489380,33.94,34.15,33.27
5/11/2017,34.11,9045048,34.07,34.23,33.90
5/10/2017,34.23,7661579,34.25,34.46,34.08
5/9/2017,34.26,8433482,33.90,34.47,33.90
5/8/2017,33.97,11732120,33.85,34.25,33.80
5/5/2017,33.77,10143970,33.30,33.77,33.20
5/4/2017,33.15,12462290,33.65,33.67,32.97
5/3/2017,33.48,12610770,33.03,33.66,33.01
5/2/2017,33.2,24206250,34.09,34.34,32.82
5/1/2017,34.2,12787250,34.63,34.65,34.13
