Open,Close,High,Low,Volume,Date
0,6.888,7.422,6.879,,04/28/22
6.858,7.267,7.344,6.8,,04/27/22
6.836,6.85,7.05,6.662,,04/26/22
6.414,6.669,6.966,6.345,,04/25/22
6.938,6.534,7.08,6.438,,04/22/22
6.825,6.957,7.146,6.703,,04/21/22
7.253,6.937,7.41,6.791,,04/20/22
7.776,7.176,7.939,6.954,,04/19/22
7.367,7.82,8.065,7.365,,04/18/22
7.046,7.3,7.346,6.95,,04/14/22
6.704,6.997,7.091,6.652,,04/13/22
6.705,6.68,6.947,6.6,,04/12/22
6.394,6.643,6.722,6.247,,04/11/22
6.411,6.278,6.538,6.257,,04/08/22
6.116,6.359,6.44,6,,04/07/22
6.078,6.029,6.394,6,,04/06/22
5.782,6.032,6.201,5.771,,04/05/22
5.745,5.712,5.857,5.65,,04/04/22
5.627,5.72,5.778,5.505,,04/01/22
5.575,5.642,5.832,5.454,,03/31/22
0,5.605,5.624,0,,03/30/22
5.453,5.336,5.491,5.255,,03/29/22
5.551,5.508,5.652,5.419,,03/28/22
5.401,5.571,5.577,5.345,,03/25/22
5.115,5.401,5.464,5.063,,03/24/22
5.147,5.232,5.33,5.092,,03/23/22
4.948,5.187,5.204,4.877,,03/22/22
4.909,4.9,4.976,4.748,,03/21/22
4.93,4.863,4.957,4.811,,03/18/22
4.747,4.99,5.001,4.691,,03/17/22
4.625,4.748,4.776,4.594,,03/16/22
4.679,4.568,4.682,4.459,,03/15/22
4.705,4.658,4.759,4.506,,03/14/22
4.657,4.725,4.797,4.622,,03/11/22
4.52,4.631,4.671,4.499,,03/10/22
4.569,4.526,4.625,4.45,,03/09/22
4.818,4.527,4.882,4.507,,03/08/22
5.041,4.833,5.184,4.781,,03/07/22
4.75,5.016,5.045,4.728,,03/04/22
4.795,4.722,4.936,4.628,,03/03/22
4.6,4.762,4.911,4.6,,03/02/22
4.408,4.573,4.627,4.34,,03/01/22
4.62,4.402,4.683,4.366,,02/28/22
4.603,4.565,4.716,4.417,,02/24/22
4.504,4.623,4.704,4.452,,02/23/22
4.594,4.498,4.861,4.448,,02/22/22
4.517,4.431,4.654,4.371,,02/18/22
4.642,4.486,4.793,4.402,,02/17/22
4.393,4.717,4.74,4.37,,02/16/22
4.183,4.306,4.428,4.157,,02/15/22
4.103,4.195,4.229,4.04,,02/14/22
3.944,3.941,4.056,3.876,,02/11/22
4.035,3.959,4.068,3.882,,02/10/22
4.211,4.009,4.259,3.983,,02/09/22
4.276,4.248,4.381,4.173,,02/08/22
4.384,4.232,4.468,4.12,,02/07/22
4.929,4.572,5.087,4.487,,02/04/22
5.42,4.888,5.454,4.816,,02/03/22
4.893,5.501,5.572,4.857,,02/02/22
4.921,4.751,4.974,4.62,,02/01/22
4.867,4.874,5.057,4.695,,01/31/22
0,4.639,4.876,0,,01/28/22
4.23,6.265,7.346,4.23,,01/27/22
4.04,4.277,4.39,4.011,,01/26/22
3.959,4.053,4.079,3.889,,01/25/22
3.915,4.027,4.068,3.876,,01/24/22
3.838,3.999,4.044,3.833,,01/21/22
4.015,3.802,4.037,3.781,,01/20/22
4.327,4.031,4.385,4.01,,01/19/22
4.356,4.283,4.39,4.216,,01/18/22
4.263,4.262,4.305,4.097,,01/14/22
4.791,4.27,4.844,4.245,,01/13/22
4.225,4.857,4.879,4.186,,01/12/22
4.119,4.249,4.261,4.007,,01/11/22
4.144,4.079,4.213,3.977,,01/10/22
3.86,3.916,3.98,3.8,,01/07/22
3.842,3.812,3.931,3.801,,01/06/22
3.747,3.882,3.897,3.717,,01/05/22
3.817,3.717,3.944,3.709,,01/04/22
3.702,3.815,3.858,3.638,,01/03/22
3.589,3.73,3.794,3.572,,12/31/21
0,3.561,3.966,3.536,,12/30/21
4.08,4.024,4.261,3.905,,12/29/21
4.065,4.055,4.154,3.955,,12/28/21
3.958,4.06,4.087,3.767,,12/27/21
3.97,3.731,4.006,3.599,,12/23/21
3.87,3.976,4.041,3.816,,12/22/21
3.84,3.869,3.947,3.719,,12/21/21
3.645,3.834,3.924,3.642,,12/20/21
3.783,3.69,3.814,3.617,,12/17/21
3.814,3.766,3.976,3.729,,12/16/21
3.785,3.802,3.926,3.766,,12/15/21
3.802,3.747,3.84,3.686,,12/14/21
3.975,3.794,4.085,3.77,,12/13/21
3.798,3.925,3.965,3.76,,12/10/21
3.818,3.814,3.924,3.725,,12/09/21
3.734,3.815,3.931,3.723,,12/08/21
3.68,3.708,3.829,3.657,,12/07/21
3.826,3.657,3.886,3.63,,12/06/21
4.105,4.132,4.285,4.066,,12/03/21
4.265,4.056,4.335,4.042,,12/02/21
4.606,4.258,4.664,4.22,,12/01/21
4.873,4.567,4.9,4.482,,11/30/21
5.199,4.854,5.2,4.818,,11/29/21
5.025,5.477,5.562,4.983,,11/26/21
4.992,5.068,5.15,4.88,,11/24/21
4.796,4.967,5.082,4.757,,11/23/21
4.91,4.789,4.957,4.648,,11/22/21
4.895,5.065,5.156,4.838,,11/19/21
4.896,4.902,5.032,4.83,,11/18/21
5.159,4.816,5.165,4.8,,11/17/21
5.058,5.177,5.394,5.024,,11/16/21
4.903,5.017,5.065,4.713,,11/15/21
5.129,4.791,5.141,4.752,,11/12/21
4.917,5.149,5.176,4.889,,11/11/21
4.962,4.88,5.046,4.725,,11/10/21
5.41,4.979,5.467,4.91,,11/09/21
5.605,5.427,5.663,5.38,,11/08/21
5.67,5.516,5.76,5.501,,11/05/21
5.86,5.716,5.876,5.535,,11/04/21
5.553,5.67,5.865,5.465,,11/03/21
5.22,5.542,5.565,5.206,,11/02/21
5.31,5.186,5.497,5.116,,11/01/21
5.732,5.426,5.837,5.401,,10/29/21
0,5.782,6.206,5.713,,10/28/21
5.858,6.202,6.291,5.77,,10/27/21
5.959,5.882,6.091,5.595,,10/26/21
5.468,5.898,6.008,5.462,,10/25/21
5.196,5.28,5.379,5.121,,10/22/21
5.151,5.115,5.227,5.006,,10/21/21
5.066,5.17,5.221,4.912,,10/20/21
4.985,5.088,5.1,4.851,,10/19/21
5.299,4.989,5.37,4.955,,10/18/21
5.641,5.41,5.789,5.4,,10/15/21
5.676,5.687,5.964,5.604,,10/14/21
5.456,5.59,5.693,5.35,,10/13/21
5.408,5.505,5.523,5.168,,10/12/21
5.695,5.345,5.799,5.308,,10/11/21
5.761,5.565,5.876,5.548,,10/08/21
5.71,5.677,5.835,5.393,,10/07/21
6.321,5.675,6.466,5.663,,10/06/21
5.83,6.312,6.392,5.79,,10/05/21
5.628,5.766,6.064,5.628,,10/04/21
5.975,5.619,6.01,5.533,,10/01/21
5.457,5.867,5.994,5.341,,09/30/21
0,5.477,0,5.421,,09/29/21
5.8,5.841,6.28,5.602,,09/28/21
5.191,5.706,5.851,5.176,,09/27/21
5.036,5.14,5.183,4.99,,09/24/21
4.758,4.976,5.037,4.741,,09/23/21
4.811,4.805,4.898,4.744,,09/22/21
4.962,4.805,5.046,4.735,,09/21/21
5.015,4.985,5.172,4.905,,09/20/21
5.27,5.105,5.394,5.044,,09/17/21
5.41,5.335,5.6,5.228,,09/16/21
5.28,5.46,5.65,5.266,,09/15/21
5.199,5.26,5.369,5.171,,09/14/21
4.945,5.231,5.289,4.879,,09/13/21
5.002,4.938,5.058,4.913,,09/10/21
4.917,5.031,5.047,4.82,,09/09/21
4.598,4.914,5.01,4.585,,09/08/21
4.71,4.568,4.774,4.557,,09/07/21
4.627,4.712,4.718,4.586,,09/03/21
4.639,4.641,4.727,4.577,,09/02/21
4.403,4.615,4.706,4.378,,09/01/21
4.312,4.377,4.417,4.215,,08/31/21
4.499,4.305,4.526,4.222,,08/30/21
4.202,4.388,4.397,4.197,,08/27/21
3.917,4.184,4.217,3.896,,08/26/21
3.9,3.897,3.991,3.858,,08/25/21
3.929,3.896,3.97,3.884,,08/24/21
3.862,3.945,3.953,3.838,,08/23/21
3.863,3.851,3.951,3.833,,08/20/21
3.826,3.83,3.881,3.734,,08/19/21
3.826,3.852,3.875,3.789,,08/18/21
3.938,3.837,3.954,3.803,,08/17/21
3.846,3.946,3.988,3.817,,08/16/21
3.915,3.861,3.953,3.846,,08/13/21
4.057,3.933,4.067,3.9,,08/12/21
4.11,4.059,4.129,3.979,,08/11/21
4.039,4.089,4.126,4.016,,08/10/21
4.168,4.06,4.185,4.002,,08/09/21
4.159,4.14,4.191,4.098,,08/06/21
4.152,4.14,4.205,4.116,,08/05/21
4.066,4.158,4.205,4.056,,08/04/21
3.959,4.027,4.077,3.915,,08/03/21
3.973,3.935,4.042,3.928,,08/02/21
4.051,3.914,4.055,3.855,,07/30/21
0,4.059,4.097,3.927,,07/29/21
3.947,4.044,4.064,3.874,,07/28/21
4.095,3.971,4.114,3.934,,07/27/21
4.033,4.102,4.187,0,,07/26/21
3.996,4.06,4.071,3.976,,07/23/21
3.922,4.003,4.006,3.876,,07/22/21
3.927,3.959,3.965,3.891,,07/21/21
3.772,3.876,3.934,3.74,,07/20/21
3.703,3.779,3.788,3.686,,07/19/21
3.617,3.674,3.688,3.584,,07/16/21
3.67,3.614,3.686,3.605,,07/15/21
3.694,3.66,3.755,3.624,,07/14/21
3.744,3.696,3.769,3.673,,07/13/21
3.673,3.749,3.763,3.623,,07/12/21
3.686,3.674,3.742,3.657,,07/09/21
3.579,3.688,3.72,3.54,,07/08/21
3.673,3.596,3.707,3.52,,07/07/21
3.704,3.637,3.822,3.608,,07/06/21
3.663,3.7,3.741,3.598,,07/02/21
3.746,3.661,3.764,3.591,,07/01/21
3.651,3.65,3.814,3.604,,06/30/21
0,3.63,3.811,3.571,,06/29/21
3.502,3.617,3.631,3.485,,06/28/21
3.425,3.496,3.511,3.415,,06/25/21
3.316,3.418,3.442,3.301,,06/24/21
3.257,3.333,3.383,3.25,,06/23/21
3.198,3.258,3.281,3.188,,06/22/21
3.206,3.191,3.214,3.137,,06/21/21
3.218,3.215,3.258,3.166,,06/18/21
3.244,3.253,3.264,3.187,,06/17/21
3.222,3.251,3.274,3.187,,06/16/21
3.351,3.24,3.369,3.213,,06/15/21
3.315,3.352,3.364,3.273,,06/14/21
3.153,3.296,3.33,3.149,,06/11/21
3.154,3.149,3.2,3.131,,06/10/21
3.128,3.129,3.168,3.106,,06/09/21
3.092,3.128,3.198,3.092,,06/08/21
3.109,3.07,3.115,3.033,,06/07/21
3.063,3.097,3.121,3.01,,06/04/21
3.073,3.041,3.09,3.032,,06/03/21
3.093,3.075,3.126,3.05,,06/02/21
3.036,3.104,3.15,3.015,,06/01/21
2.963,2.986,3.042,2.955,,05/28/21
0,2.958,0,2.914,,05/27/21
2.946,2.984,3.028,2.925,,05/26/21
2.886,2.913,2.94,2.873,,05/25/21
2.85,2.886,2.894,2.832,,05/24/21
2.948,2.906,2.983,2.894,,05/21/21
2.962,2.925,2.985,2.907,,05/20/21
3.009,2.964,3.015,2.94,,05/19/21
3.121,3.012,3.135,3.003,,05/18/21
3.019,3.109,3.15,3.019,,05/17/21
2.977,2.961,3.016,2.945,,05/14/21
2.983,2.973,2.998,2.937,,05/13/21
2.953,2.969,2.988,2.926,,05/12/21
2.927,2.955,2.97,2.881,,05/11/21
2.97,2.932,2.971,2.898,,05/10/21
2.93,2.958,2.989,2.905,,05/07/21
2.948,2.928,2.971,2.908,,05/06/21
2.975,2.938,2.991,2.913,,05/05/21
2.961,2.967,3.001,2.932,,05/04/21
2.938,2.966,2.975,2.9,,05/03/21
2.906,2.931,2.962,2.891,,04/30/21
0,2.911,2.971,2.883,,04/29/21
2.873,2.925,2.936,2.868,,04/28/21
2.786,2.873,2.876,2.783,,04/27/21
2.71,2.79,2.8,2.7,,04/26/21
2.747,2.73,2.764,2.72,,04/23/21
2.696,2.749,2.779,2.657,,04/22/21
2.724,2.692,2.725,2.666,,04/21/21
2.741,2.727,2.759,2.719,,04/20/21
2.707,2.749,2.753,2.694,,04/19/21
2.663,2.68,2.7,2.658,,04/16/21
2.617,2.658,2.685,2.583,,04/15/21
2.62,2.618,2.666,2.609,,04/14/21
2.554,2.619,2.638,2.529,,04/13/21
2.53,2.561,2.605,2.53,,04/12/21
2.52,2.526,2.552,2.503,,04/09/21
2.51,2.522,2.535,2.478,,04/08/21
2.464,2.52,2.546,2.458,,04/07/21
2.511,2.456,2.568,2.453,,04/06/21
2.593,2.511,2.616,2.488,,04/05/21
0,2.639,0,0,,04/02/21
2.605,2.639,2.663,2.578,,04/01/21
2.621,2.608,2.656,2.575,,03/31/21
0,2.623,2.688,2.597,,03/30/21
2.563,2.586,2.607,2.53,,03/29/21
2.57,2.557,2.587,2.546,,03/26/21
2.52,2.57,2.585,2.485,,03/25/21
2.515,2.518,2.545,2.503,,03/24/21
2.578,2.508,2.581,2.502,,03/23/21
2.507,2.582,2.592,2.478,,03/22/21
2.489,2.535,2.554,2.456,,03/19/21
2.523,2.481,2.526,2.422,,03/18/21
2.562,2.528,2.565,2.489,,03/17/21
2.494,2.562,2.566,2.479,,03/16/21
2.558,2.484,2.561,2.478,,03/15/21
2.669,2.6,2.693,2.584,,03/12/21
2.689,2.668,2.714,2.636,,03/11/21
2.653,2.692,2.707,2.615,,03/10/21
2.662,2.662,2.69,2.624,,03/09/21
2.691,2.664,2.734,2.623,,03/08/21
2.743,2.701,2.755,2.681,,03/05/21
2.803,2.746,2.826,2.684,,03/04/21
2.848,2.816,2.887,2.801,,03/03/21
2.783,2.839,2.857,2.757,,03/02/21
2.8,2.777,2.809,2.724,,03/01/21
2.77,2.771,2.786,2.697,,02/26/21
0,2.777,2.855,2.761,,02/25/21
2.878,2.854,2.886,2.822,,02/24/21
2.949,2.879,2.964,2.854,,02/23/21
3.01,2.953,3.03,2.889,,02/22/21
3.067,3.069,3.148,2.991,,02/19/21
3.267,3.082,3.298,3.041,,02/18/21
3.098,3.219,3.316,3.049,,02/17/21
3.046,3.129,3.214,2.976,,02/16/21
2.87,2.912,2.987,2.834,,02/12/21
2.975,2.868,3.045,2.839,,02/11/21
2.819,2.911,2.982,2.741,,02/10/21
2.883,2.835,2.927,2.788,,02/09/21
2.909,2.882,2.985,2.844,,02/08/21
2.957,2.863,3.057,2.851,,02/05/21
2.776,2.935,2.977,2.734,,02/04/21
2.827,2.789,2.894,2.748,,02/03/21
2.829,2.845,3.005,2.811,,02/02/21
2.73,2.85,2.868,2.712,,02/01/21
2.68,2.564,2.71,2.554,,01/29/21
0,2.664,2.701,2.591,,01/28/21
2.65,2.76,2.773,2.65,,01/27/21
2.603,2.656,2.686,2.595,,01/26/21
2.542,2.602,2.619,2.504,,01/25/21
2.492,2.446,2.504,2.414,,01/22/21
2.532,2.491,2.551,2.458,,01/21/21
2.544,2.539,2.567,2.454,,01/20/21
2.652,2.546,2.673,2.523,,01/19/21
2.672,2.737,2.8,2.636,,01/15/21
2.742,2.666,2.791,2.66,,01/14/21
2.737,2.727,2.826,2.708,,01/13/21
2.794,2.753,2.899,2.718,,01/12/21
2.6,2.747,2.811,2.589,,01/11/21
2.675,2.7,2.73,2.626,,01/08/21
2.722,2.729,2.755,2.663,,01/07/21
2.688,2.716,2.77,2.606,,01/06/21
2.599,2.702,2.732,2.591,,01/05/21
2.626,2.581,2.67,2.566,,01/04/21
2.433,2.539,2.547,2.429,,12/31/20
0,2.422,2.473,2.387,,12/30/20
2.34,2.467,2.489,2.282,,12/29/20
2.311,2.305,2.343,2.238,,12/28/20
2.611,2.518,2.632,2.515,,12/24/20
2.768,2.608,2.793,2.566,,12/23/20
2.703,2.78,2.806,2.69,,12/22/20
2.73,2.705,2.73,2.632,,12/21/20
2.658,2.7,2.72,2.648,,12/18/20
2.685,2.636,2.724,2.606,,12/17/20
2.666,2.677,2.692,2.618,,12/16/20
2.669,2.682,2.7,2.596,,12/15/20
2.658,2.682,2.708,2.612,,12/14/20
2.568,2.591,2.63,2.526,,12/11/20
2.43,2.553,2.594,2.381,,12/10/20
2.454,2.442,2.524,2.421,,12/09/20
2.431,2.399,2.48,2.368,,12/08/20
2.456,2.406,2.483,2.381,,12/07/20
2.511,2.575,2.623,2.462,,12/04/20
2.76,2.507,2.768,2.484,,12/03/20
2.881,2.78,2.934,2.74,,12/02/20
2.934,2.88,2.972,2.833,,12/01/20
2.831,2.882,2.996,2.823,,11/30/20
0,2.843,2.963,2.828,,11/27/20
2.765,2.896,2.914,2.7,,11/25/20
2.709,2.775,2.78,2.693,,11/24/20
2.705,2.711,2.728,2.649,,11/23/20
2.599,2.65,2.679,2.58,,11/20/20
2.715,2.592,2.744,2.525,,11/19/20
2.694,2.712,2.783,2.687,,11/18/20
2.684,2.692,2.732,2.649,,11/17/20
2.871,2.697,2.887,2.675,,11/16/20
2.949,2.995,3.087,2.949,,11/13/20
3.032,2.976,3.064,2.941,,11/12/20
2.948,3.031,3.057,2.911,,11/11/20
2.86,2.949,3.012,2.855,,11/10/20
2.872,2.859,2.929,2.821,,11/09/20
2.934,2.888,2.971,2.866,,11/06/20
3.062,2.942,3.113,2.925,,11/05/20
3.056,3.046,3.091,3.002,,11/04/20
3.236,3.059,3.241,3.041,,11/03/20
3.374,3.244,3.393,3.214,,11/02/20
3.313,3.354,3.396,3.256,,10/30/20
0,3.301,3.346,3.151,,10/29/20
3.02,2.996,3.051,2.967,,10/28/20
3.016,3.019,3.091,2.986,,10/27/20
2.96,3.024,3.08,0,,10/26/20
2.941,2.96,2.967,2.907,,10/25/20
2.985,2.971,3.006,2.918,,10/23/20
3.025,3.007,3.066,2.98,,10/22/20
2.897,3.023,3.053,2.89,,10/21/20
2.831,2.913,2.95,2.824,,10/20/20
2.641,2.795,2.89,2.638,,10/19/20
2.778,2.773,2.852,2.67,,10/16/20
2.645,2.775,2.829,2.639,,10/15/20
2.761,2.636,2.771,2.61,,10/14/20
2.834,2.855,2.884,2.751,,10/13/20
2.891,2.881,2.955,2.825,,10/12/20
2.632,2.741,2.821,2.618,,10/09/20
2.59,2.627,2.651,2.508,,10/08/20
2.511,2.606,2.686,2.466,,10/07/20
2.623,2.52,2.703,2.505,,10/06/20
2.455,2.615,2.727,2.446,,10/05/20
2.485,2.438,2.551,2.373,,10/02/20
2.55,2.527,2.592,2.441,,10/01/20
2.502,2.527,2.579,2.425,,09/30/20
0,2.561,0,2.49,,09/29/20
2.105,2.101,2.176,2.02,,09/28/20
2.178,2.139,2.26,2.101,,09/25/20
2.195,2.248,2.32,2.169,,09/24/20
1.845,2.125,2.207,1.815,,09/23/20
1.888,1.834,1.897,1.808,,09/22/20
1.991,1.835,2.038,1.795,,09/21/20
1.999,2.048,2.074,1.926,,09/18/20
2.254,2.042,2.275,1.987,,09/17/20
2.356,2.267,2.389,2.233,,09/16/20
2.305,2.362,2.383,2.275,,09/15/20
2.306,2.31,2.399,2.284,,09/14/20
2.314,2.269,2.335,2.246,,09/11/20
2.382,2.323,2.407,2.305,,09/10/20
2.367,2.406,2.48,2.328,,09/09/20
2.586,2.4,2.586,2.356,,09/08/20
2.483,2.588,2.605,2.431,,09/04/20
2.489,2.487,2.567,2.455,,09/03/20
2.516,2.486,2.578,2.415,,09/02/20
2.628,2.527,2.675,2.504,,09/01/20
2.629,2.63,2.653,2.497,,08/31/20
0,2.657,0,2.621,,08/28/20
2.424,2.579,2.598,2.388,,08/27/20
2.48,2.461,2.557,2.398,,08/26/20
2.514,2.489,2.552,2.451,,08/25/20
2.46,2.513,2.554,2.39,,08/24/20
2.355,2.448,2.468,2.28,,08/21/20
2.43,2.352,2.44,2.345,,08/20/20
2.417,2.426,2.455,2.375,,08/19/20
2.344,2.417,2.465,2.306,,08/18/20
2.392,2.339,2.396,2.302,,08/17/20
2.191,2.356,2.379,2.171,,08/14/20
2.151,2.182,2.205,2.139,,08/13/20
2.149,2.152,2.165,2.085,,08/12/20
2.165,2.171,2.231,2.135,,08/11/20
2.257,2.153,2.275,2.118,,08/10/20
2.153,2.238,2.256,2.14,,08/07/20
2.206,2.165,2.284,2.136,,08/06/20
2.178,2.191,2.261,2.163,,08/05/20
2.097,2.193,2.198,2.056,,08/04/20
1.859,2.101,2.154,1.852,,08/03/20
1.835,1.799,1.862,1.781,,07/31/20
0,1.829,0,1.818,,07/30/20
1.796,1.854,1.893,1.769,,07/29/20
1.731,1.8,1.803,1.719,,07/28/20
1.796,1.734,1.8,1.714,,07/27/20
1.784,1.808,1.818,1.746,,07/24/20
1.694,1.785,1.805,1.677,,07/23/20
1.669,1.681,1.698,1.622,,07/22/20
1.644,1.675,1.681,1.622,,07/21/20
1.7,1.641,1.707,1.605,,07/20/20
1.726,1.718,1.75,1.69,,07/17/20
1.783,1.723,1.808,1.703,,07/16/20
1.743,1.778,1.792,1.728,,07/15/20
1.729,1.746,1.771,1.708,,07/14/20
1.785,1.739,1.815,1.725,,07/13/20
1.776,1.805,1.835,1.737,,07/10/20
1.82,1.779,1.891,1.772,,07/09/20
1.879,1.824,1.886,1.808,,07/08/20
1.829,1.876,1.924,1.829,,07/07/20
1.738,1.83,1.864,1.733,,07/06/20
1.693,1.734,1.738,1.672,,07/02/20
1.754,1.671,1.758,1.655,,07/01/20
1.697,1.751,1.784,1.688,,06/30/20
1.567,1.709,1.753,1.558,,06/29/20
1.441,1.544,1.567,1.432,,06/26/20
1.595,1.482,1.598,1.44,,06/25/20
1.627,1.597,1.656,1.585,,06/24/20
1.66,1.637,1.663,1.614,,06/23/20
1.671,1.664,1.712,1.643,,06/22/20
1.637,1.669,1.684,1.63,,06/19/20
1.638,1.638,1.661,1.611,,06/18/20
1.613,1.638,1.648,1.602,,06/17/20
1.673,1.614,1.685,1.597,,06/16/20
1.753,1.669,1.761,1.661,,06/15/20
1.817,1.731,1.822,1.727,,06/12/20
1.787,1.813,1.833,1.766,,06/11/20
1.763,1.78,1.808,1.674,,06/10/20
1.809,1.767,1.829,1.756,,06/09/20
1.81,1.789,1.816,1.75,,06/08/20
1.821,1.782,1.864,1.777,,06/05/20
1.809,1.822,1.854,1.795,,06/04/20
1.774,1.821,1.861,1.771,,06/03/20
1.78,1.777,1.801,1.758,,06/02/20
1.83,1.774,1.848,1.742,,06/01/20
1.819,1.849,1.865,1.763,,05/29/20
0,1.827,1.896,1.811,,05/28/20
1.774,1.722,1.815,1.711,,05/27/20
1.746,1.793,1.809,1.692,,05/26/20
1.726,1.731,1.76,1.68,,05/22/20
1.778,1.71,1.785,1.692,,05/21/20
1.804,1.771,1.889,1.743,,05/20/20
1.769,1.83,1.857,1.763,,05/19/20
1.725,1.783,1.851,1.702,,05/18/20
1.675,1.646,1.732,1.634,,05/15/20
1.643,1.681,1.715,1.61,,05/14/20
1.695,1.616,1.741,1.595,,05/13/20
1.847,1.72,1.849,1.685,,05/12/20
1.838,1.826,1.89,1.803,,05/11/20
1.901,1.823,1.927,1.811,,05/08/20
1.956,1.894,1.989,1.886,,05/07/20
2.087,1.944,2.111,1.929,,05/06/20
1.991,2.134,2.162,1.981,,05/05/20
1.961,1.993,2.006,1.935,,05/04/20
1.936,1.89,2.016,1.872,,05/01/20
1.878,1.949,1.953,1.825,,04/30/20
0,1.869,1.973,1.86,,04/29/20
1.831,1.794,1.923,1.702,,04/28/20
1.701,1.819,1.85,1.593,,04/27/20
1.818,1.746,1.839,1.702,,04/24/20
1.91,1.815,1.953,1.806,,04/23/20
1.836,1.939,1.952,1.774,,04/22/20
1.943,1.821,1.974,1.779,,04/21/20
1.774,1.924,1.97,1.701,,04/20/20
1.689,1.753,1.806,1.661,,04/17/20
1.591,1.686,1.719,1.555,,04/16/20
1.639,1.598,1.666,1.586,,04/15/20
1.725,1.65,1.737,1.633,,04/14/20
1.752,1.724,1.813,1.698,,04/13/20
1.791,1.733,1.825,1.721,,04/09/20
1.905,1.783,1.918,1.771,,04/08/20
1.759,1.852,1.912,1.747,,04/07/20
1.65,1.731,1.755,1.63,,04/06/20
1.551,1.621,1.659,1.53,,04/03/20
1.591,1.552,1.624,1.521,,04/02/20
1.643,1.587,1.679,1.58,,04/01/20
1.702,1.64,1.731,1.636,,03/31/20
1.63,1.69,1.708,1.613,,03/30/20
1.64,1.634,1.65,1.597,,03/27/20
1.657,1.637,1.68,1.612,,03/26/20
1.673,1.659,1.716,1.638,,03/25/20
1.59,1.653,1.687,1.583,,03/24/20
1.533,1.602,1.628,1.519,,03/23/20
1.647,1.604,1.7,1.574,,03/20/20
1.632,1.654,1.683,1.602,,03/19/20
1.721,1.604,1.728,1.555,,03/18/20
1.797,1.729,1.82,1.711,,03/17/20
1.854,1.815,1.854,1.778,,03/16/20
1.81,1.869,1.951,1.795,,03/13/20
1.883,1.841,1.883,1.75,,03/12/20
1.938,1.878,1.998,1.86,,03/11/20
1.835,1.936,1.955,1.794,,03/10/20
1.678,1.778,1.83,1.61,,03/09/20
1.767,1.708,1.767,1.705,,03/06/20
1.829,1.772,1.847,1.756,,03/05/20
1.805,1.827,1.845,1.785,,03/04/20
1.763,1.8,1.839,1.756,,03/03/20
1.695,1.756,1.765,1.68,,03/02/20
1.748,1.684,1.75,1.642,,02/28/20
0,1.752,0,1.719,,02/27/20
1.848,1.821,1.88,1.81,,02/26/20
1.836,1.847,1.862,1.819,,02/25/20
1.884,1.827,1.884,1.824,,02/24/20
1.915,1.905,1.925,1.861,,02/21/20
1.967,1.92,2.025,1.907,,02/20/20
1.969,1.955,1.978,1.945,,02/19/20
0,1.981,1.983,0,,02/18/20
1.828,1.837,1.854,1.795,,02/14/20
1.846,1.826,1.869,1.823,,02/13/20
1.79,1.844,1.855,1.789,,02/12/20
1.768,1.788,1.8,1.753,,02/11/20
1.813,1.766,1.813,1.759,,02/10/20
1.863,1.858,1.898,1.842,,02/07/20
1.865,1.862,1.906,1.832,,02/06/20
1.876,1.861,1.884,1.825,,02/05/20
1.823,1.872,1.888,1.804,,02/04/20
1.852,1.819,1.88,1.814,,02/03/20
1.832,1.841,1.856,1.812,,01/31/20
0,1.829,1.886,1.815,,01/30/20
1.927,1.877,1.938,1.858,,01/29/20
1.902,1.934,1.952,1.883,,01/28/20
1.935,1.902,1.976,1.888,,01/27/20
1.938,1.893,1.945,1.872,,01/24/20
1.915,1.926,1.98,1.913,,01/23/20
1.912,1.905,1.942,1.895,,01/22/20
1.97,1.895,1.97,1.83,,01/21/20
2.077,2.003,2.078,1.994,,01/17/20
2.134,2.077,2.17,2.071,,01/16/20
2.181,2.12,2.189,2.104,,01/15/20
2.188,2.187,2.255,2.173,,01/14/20
2.21,2.182,2.226,2.163,,01/13/20
2.166,2.202,2.234,2.137,,01/10/20
2.151,2.166,2.17,2.105,,01/09/20
2.153,2.141,2.185,2.115,,01/08/20
2.149,2.162,2.178,2.102,,01/07/20
2.112,2.135,2.173,2.099,,01/06/20
2.129,2.13,2.163,2.083,,01/03/20
2.184,2.122,2.188,2.116,,01/02/20
2.191,2.189,2.207,2.151,,12/31/19
2.247,2.186,2.258,2.182,,12/30/19
2.272,2.231,2.286,2.138,,12/27/19
2.184,2.294,2.297,2.184,,12/26/19
2.202,2.172,2.223,2.162,,12/24/19
2.254,2.214,2.269,2.192,,12/23/19
2.289,2.328,2.345,2.279,,12/20/19
2.282,2.273,2.302,2.232,,12/19/19
2.318,2.286,2.327,2.257,,12/18/19
2.349,2.319,2.362,2.282,,12/17/19
2.296,2.341,2.377,2.285,,12/16/19
2.341,2.296,2.342,2.253,,12/13/19
2.248,2.328,2.348,2.244,,12/12/19
2.265,2.243,2.303,2.24,,12/11/19
2.253,2.264,2.289,2.216,,12/10/19
2.21,2.232,2.258,2.158,,12/09/19
2.417,2.334,2.437,2.328,,12/06/19
2.406,2.427,2.463,2.396,,12/05/19
2.439,2.399,2.463,2.368,,12/04/19
2.345,2.441,2.51,2.34,,12/03/19
2.315,2.329,2.369,2.289,,12/02/19
2.497,2.281,2.513,2.27,,11/29/19
0,2.501,2.558,2.488,,11/27/19
2.52,2.47,2.532,2.421,,11/26/19
2.689,2.531,2.709,2.51,,11/25/19
2.585,2.665,2.675,2.557,,11/22/19
2.566,2.567,2.595,2.526,,11/21/19
2.514,2.559,2.581,2.505,,11/20/19
2.547,2.51,2.56,2.501,,11/19/19
2.641,2.566,2.65,2.533,,11/18/19
2.636,2.688,2.724,2.606,,11/15/19
2.674,2.647,2.696,2.625,,11/14/19
2.622,2.6,2.68,2.57,,11/13/19
2.643,2.621,2.685,2.607,,11/12/19
2.637,2.637,2.648,2.631,,11/11/19
2.716,2.703,2.716,2.674,,11/10/19
2.792,2.789,2.822,2.755,,11/08/19
2.823,2.772,2.882,2.753,,11/07/19
2.873,2.828,2.891,2.82,,11/06/19
2.822,2.862,2.905,2.817,,11/05/19
2.796,2.821,2.842,2.781,,11/04/19
2.637,2.714,2.718,2.575,,11/01/19
2.686,2.633,2.738,2.606,,10/31/19
0,2.691,2.723,2.616,,10/30/19
2.459,2.597,2.64,2.449,,10/29/19
2.366,2.446,2.47,2.346,,10/28/19
2.331,2.3,2.336,2.273,,10/25/19
2.285,2.316,2.342,2.269,,10/24/19
2.274,2.282,2.305,2.251,,10/23/19
2.236,2.272,2.311,2.231,,10/22/19
2.32,2.238,2.322,2.213,,10/21/19
2.319,2.32,2.36,2.289,,10/18/19
2.292,2.318,2.365,2.284,,10/17/19
2.342,2.303,2.384,2.277,,10/16/19
2.285,2.339,2.349,2.266,,10/15/19
2.238,2.28,2.313,2.228,,10/14/19
2.203,2.214,2.262,2.187,,10/11/19
2.239,2.218,2.274,2.202,,10/10/19
2.288,2.234,2.306,2.229,,10/09/19
2.293,2.288,2.323,2.266,,10/08/19
2.333,2.303,2.342,2.287,,10/07/19
2.336,2.352,2.398,2.263,,10/04/19
2.254,2.329,2.349,2.207,,10/03/19
2.287,2.247,2.304,2.245,,10/02/19
2.325,2.283,2.334,2.268,,10/01/19
2.38,2.33,2.392,2.324,,09/30/19
0,2.404,0,2.38,,09/27/19
2.514,2.428,2.54,2.39,,09/26/19
2.497,2.502,2.519,2.455,,09/25/19
2.535,2.503,2.59,2.494,,09/24/19
2.522,2.527,2.547,2.493,,09/23/19
2.552,2.534,2.579,2.506,,09/20/19
2.639,2.538,2.639,2.53,,09/19/19
2.663,2.637,2.696,2.603,,09/18/19
2.686,2.668,2.71,2.628,,09/17/19
2.688,2.681,2.7,2.641,,09/16/19
2.573,2.614,2.639,2.553,,09/13/19
2.547,2.574,2.585,2.512,,09/12/19
2.581,2.552,2.6,2.529,,09/11/19
2.606,2.58,2.648,2.571,,09/10/19
2.527,2.585,2.608,2.496,,09/09/19
2.435,2.496,2.505,2.403,,09/06/19
2.442,2.435,2.468,2.388,,09/05/19
2.346,2.445,2.457,2.339,,09/04/19
2.288,2.358,2.365,2.269,,09/03/19
2.288,2.285,2.299,2.257,,08/30/19
2.235,2.296,2.31,2.218,,08/29/19
2.201,2.222,2.277,2.195,,08/28/19
2.231,2.202,2.233,2.175,,08/27/19
2.169,2.23,2.237,2.159,,08/26/19
2.15,2.152,2.167,2.12,,08/23/19
2.169,2.159,2.195,2.145,,08/22/19
2.214,2.17,2.238,2.157,,08/21/19
2.202,2.218,2.231,2.187,,08/20/19
2.164,2.21,2.221,2.134,,08/19/19
2.22,2.2,2.224,2.17,,08/16/19
2.159,2.232,2.267,2.138,,08/15/19
2.159,2.143,2.203,2.122,,08/14/19
2.106,2.147,2.175,2.086,,08/13/19
2.124,2.105,2.157,2.095,,08/12/19
2.124,2.119,2.145,2.064,,08/09/19
2.088,2.128,2.155,2.086,,08/08/19
2.103,2.083,2.145,2.074,,08/07/19
2.091,2.111,2.133,2.073,,08/06/19
2.078,2.07,2.109,2.029,,08/05/19
2.169,2.121,2.202,2.077,,08/02/19
2.238,2.202,2.333,2.165,,08/01/19
2.138,2.233,2.268,2.127,,07/31/19
0,2.137,2.142,2.107,,07/30/19
2.175,2.141,2.182,2.12,,07/29/19
2.24,2.169,2.242,2.165,,07/26/19
2.231,2.244,2.261,2.222,,07/25/19
2.29,2.22,2.297,2.212,,07/24/19
2.319,2.3,2.328,2.289,,07/23/19
2.242,2.312,2.322,2.233,,07/22/19
2.29,2.251,2.3,2.242,,07/19/19
2.309,2.287,2.355,2.266,,07/18/19
2.318,2.304,2.346,2.29,,07/17/19
2.395,2.306,2.408,2.298,,07/16/19
2.462,2.408,2.469,2.383,,07/15/19
2.41,2.453,2.481,2.397,,07/12/19
2.445,2.416,2.487,2.393,,07/11/19
2.429,2.444,2.489,2.416,,07/10/19
2.397,2.425,2.437,2.36,,07/09/19
2.46,2.403,2.467,2.369,,07/08/19
2.287,2.418,2.445,2.263,,07/05/19
2.24,2.29,2.296,2.237,,07/03/19
2.266,2.24,2.297,2.232,,07/02/19
2.33,2.267,2.331,2.217,,07/01/19
2.32,2.308,2.364,2.3,,06/28/19
0,2.324,2.339,0,,06/27/19
2.289,2.291,2.324,2.265,,06/26/19
2.303,2.308,2.315,2.255,,06/25/19
2.197,2.303,2.316,2.195,,06/24/19
2.213,2.186,2.222,2.181,,06/21/19
2.28,2.185,2.303,2.159,,06/20/19
2.332,2.276,2.358,2.268,,06/19/19
2.373,2.328,2.404,2.318,,06/18/19
2.389,2.386,2.418,2.357,,06/17/19
2.328,2.387,2.399,2.323,,06/14/19
2.381,2.325,2.384,2.32,,06/13/19
2.397,2.386,2.406,2.367,,06/12/19
2.361,2.399,2.406,2.336,,06/11/19
2.335,2.357,2.365,2.324,,06/10/19
2.334,2.337,2.355,2.306,,06/07/19
2.371,2.324,2.392,2.305,,06/06/19
2.419,2.378,2.426,2.355,,06/05/19
2.413,2.416,2.441,2.381,,06/04/19
2.444,2.403,2.475,2.382,,06/03/19
2.558,2.454,2.573,2.444,,05/31/19
0,2.547,0,2.534,,05/30/19
2.582,2.633,2.643,2.58,,05/29/19
2.597,2.582,2.613,2.535,,05/28/19
2.579,2.598,2.604,2.542,,05/24/19
2.554,2.578,2.589,2.54,,05/23/19
2.619,2.543,2.624,2.538,,05/22/19
2.667,2.613,2.668,2.609,,05/21/19
2.626,2.673,2.7,2.625,,05/20/19
2.636,2.631,2.66,2.616,,05/17/19
2.604,2.639,2.647,2.586,,05/16/19
2.651,2.601,2.669,2.595,,05/15/19
2.624,2.659,2.67,2.622,,05/14/19
2.616,2.621,2.653,2.598,,05/13/19
2.59,2.619,2.647,2.574,,05/10/19
2.604,2.595,2.607,2.561,,05/09/19
2.542,2.61,2.615,2.536,,05/08/19
2.515,2.537,2.556,2.514,,05/07/19
2.565,2.524,2.574,2.516,,05/06/19
2.589,2.567,2.611,2.553,,05/03/19
2.613,2.589,2.618,2.564,,05/02/19
2.572,2.62,2.626,2.561,,05/01/19
2.593,2.575,2.614,2.565,,04/30/19
2.578,2.593,2.598,2.546,,04/29/19
2.501,2.58,2.58,2.477,,04/26/19
2.475,2.514,2.52,2.439,,04/25/19
2.453,2.462,2.487,2.45,,04/24/19
2.528,2.455,2.535,2.447,,04/23/19
2.494,2.524,2.535,2.484,,04/22/19
2.506,2.49,2.521,2.478,,04/18/19
2.572,2.517,2.582,2.503,,04/17/19
2.589,2.572,2.594,2.57,,04/16/19
2.646,2.59,2.653,2.585,,04/15/19
2.674,2.66,2.688,2.651,,04/12/19
2.702,2.664,2.71,2.652,,04/11/19
2.705,2.7,2.729,2.686,,04/10/19
2.709,2.699,2.725,2.68,,04/09/19
2.659,2.708,2.721,2.653,,04/08/19
2.644,2.664,2.68,2.632,,04/05/19
2.673,2.643,2.685,2.636,,04/04/19
2.692,2.677,2.697,2.658,,04/03/19
2.706,2.684,2.722,2.673,,04/02/19
2.663,2.708,2.733,2.657,,04/01/19
2.72,2.662,2.728,2.656,,03/29/19
0,2.712,2.752,2.707,,03/28/19
2.731,2.713,2.732,2.671,,03/27/19
2.759,2.74,2.77,2.728,,03/26/19
2.724,2.755,2.766,2.706,,03/25/19
2.821,2.753,2.824,2.721,,03/22/19
2.83,2.821,2.839,2.796,,03/21/19
2.863,2.82,2.872,2.814,,03/20/19
2.845,2.874,2.897,2.835,,03/19/19
2.786,2.85,2.857,2.773,,03/18/19
2.849,2.795,2.856,2.79,,03/15/19
2.833,2.855,2.857,2.824,,03/14/19
2.791,2.82,2.839,2.762,,03/13/19
2.779,2.784,2.798,2.752,,03/12/19
2.865,2.865,2.895,2.856,,03/08/19
2.845,2.866,2.871,2.812,,03/07/19
2.889,2.841,2.896,2.822,,03/06/19
2.856,2.884,2.892,2.841,,03/05/19
2.845,2.857,2.888,2.821,,03/04/19
2.805,2.859,2.872,2.78,,03/01/19
2.808,2.812,2.843,2.787,,02/28/19
0,2.799,2.812,2.732,,02/27/19
2.843,2.855,2.908,2.816,,02/26/19
2.757,2.836,2.851,2.733,,02/25/19
2.701,2.717,2.726,2.675,,02/22/19
2.646,2.697,2.708,2.639,,02/21/19
2.66,2.636,2.689,2.631,,02/20/19
2.621,2.662,2.673,2.6,,02/19/19
2.572,2.625,2.637,2.543,,02/15/19
2.591,2.573,2.613,2.566,,02/14/19
2.665,2.575,2.669,2.558,,02/13/19
2.647,2.688,2.698,2.618,,02/12/19
2.65,2.642,2.744,2.638,,02/11/19
2.573,2.583,2.62,2.558,,02/08/19
2.682,2.551,2.691,2.549,,02/07/19
2.685,2.662,2.72,2.651,,02/06/19
2.666,2.662,2.708,2.639,,02/05/19
2.705,2.66,2.733,2.655,,02/04/19
2.832,2.734,2.85,2.73,,02/01/19
2.868,2.814,2.918,2.802,,01/31/19
0,2.854,0,2.846,,01/30/19
2.925,2.95,2.97,2.789,,01/29/19
2.926,2.911,2.983,2.888,,01/28/19
3.16,3.178,3.207,3.047,,01/25/19
3.025,3.099,3.156,2.988,,01/24/19
3.058,2.98,3.167,2.957,,01/23/19
3.327,3.04,3.361,3.026,,01/22/19
3.436,3.482,3.499,3.201,,01/18/19
3.419,3.413,3.593,3.367,,01/17/19
3.456,3.384,3.696,3.338,,01/16/19
3.631,3.501,3.722,3.433,,01/15/19
3.325,3.591,3.618,3.281,,01/14/19
2.995,3.099,3.166,2.991,,01/11/19
2.99,2.969,3.089,2.961,,01/10/19
3.008,2.984,3.019,2.939,,01/09/19
2.95,2.967,3.053,2.948,,01/08/19
2.962,2.944,2.994,2.91,,01/07/19
2.914,3.044,3.049,2.894,,01/04/19
2.963,2.945,3.011,2.878,,01/03/19
2.921,2.958,3.039,2.905,,01/02/19
3.125,2.94,3.14,2.93,,12/31/18
0,3.303,0,3.278,,12/28/18
3.5,3.642,3.666,3.441,,12/27/18
3.456,3.543,3.586,3.315,,12/26/18
3.758,3.467,3.846,3.449,,12/24/18
3.681,3.816,3.829,3.595,,12/21/18
3.732,3.583,3.938,3.572,,12/20/18
3.839,3.726,3.893,3.563,,12/19/18
3.596,3.838,3.85,3.566,,12/18/18
3.62,3.528,3.742,3.516,,12/17/18
4.073,3.827,4.094,3.787,,12/14/18
4.096,4.124,4.307,4.05,,12/13/18
4.363,4.136,4.407,4.081,,12/12/18
4.507,4.407,4.587,4.348,,12/11/18
4.59,4.545,4.666,4.39,,12/10/18
4.348,4.488,4.57,4.231,,12/07/18
4.45,4.327,4.489,4.271,,12/06/18
4.518,4.469,4.63,4.404,,12/05/18
4.392,4.457,4.574,4.358,,12/04/18
4.527,4.339,4.536,4.243,,12/03/18
4.584,4.612,4.776,4.473,,11/30/18
0,4.646,4.674,4.452,,11/29/18
4.199,4.715,4.806,4.19,,11/28/18
4.224,4.262,4.325,4.104,,11/27/18
4.068,4.248,4.282,3.99,,11/26/18
4.471,4.308,4.563,4.117,,11/23/18
4.536,4.451,4.864,4.42,,11/21/18
4.583,4.523,4.672,4.274,,11/20/18
4.625,4.7,4.779,4.427,,11/19/18
3.907,4.272,4.39,3.907,,11/16/18
4.672,4.038,4.8,3.882,,11/15/18
4.072,4.837,4.929,4.05,,11/14/18
3.934,4.101,4.11,3.902,,11/13/18
3.745,3.788,3.954,3.735,,11/12/18
3.555,3.719,3.824,3.552,,11/09/18
3.53,3.543,3.568,3.493,,11/08/18
3.543,3.555,3.56,3.486,,11/07/18
3.55,3.555,3.581,3.514,,11/06/18
3.471,3.567,3.576,3.437,,11/05/18
3.239,3.284,3.313,3.166,,11/02/18
3.284,3.237,3.318,3.216,,11/01/18
3.21,3.261,3.294,3.207,,10/31/18
0,3.187,3.281,3.166,,10/30/18
3.139,3.185,3.199,3.1,,10/29/18
3.169,3.185,3.203,3.102,,10/26/18
3.185,3.202,3.233,3.153,,10/25/18
3.216,3.166,3.25,3.159,,10/24/18
3.134,3.212,3.24,3.111,,10/23/18
3.227,3.138,3.247,3.126,,10/22/18
3.226,3.25,3.258,3.155,,10/19/18
3.319,3.198,3.323,3.193,,10/18/18
3.253,3.32,3.34,3.24,,10/17/18
3.258,3.239,3.311,3.21,,10/16/18
3.224,3.242,3.273,3.177,,10/15/18
3.234,3.161,3.27,3.138,,10/12/18
3.276,3.222,3.287,3.153,,10/11/18
3.306,3.284,3.358,3.251,,10/10/18
3.281,3.266,3.368,3.237,,10/09/18
3.182,3.267,3.294,3.174,,10/08/18
3.189,3.143,3.224,3.109,,10/05/18
3.238,3.165,3.25,3.129,,10/04/18
3.164,3.23,3.261,3.155,,10/03/18
3.114,3.166,3.194,3.109,,10/02/18
3.007,3.094,3.117,3.001,,10/01/18
3.057,3.008,3.062,2.977,,09/28/18
0,3.056,3.111,0,,09/27/18
3.079,3.021,3.088,2.981,,09/26/18
3.043,3.082,3.087,3.02,,09/25/18
2.973,3.038,3.048,2.951,,09/24/18
2.962,2.977,2.989,2.938,,09/21/18
2.904,2.976,2.991,2.886,,09/20/18
2.926,2.908,2.948,2.898,,09/19/18
2.814,2.933,2.937,2.811,,09/18/18
2.774,2.814,2.83,2.772,,09/17/18
2.81,2.767,2.814,2.762,,09/14/18
2.824,2.817,2.856,2.805,,09/13/18
2.828,2.829,2.869,2.818,,09/12/18
2.807,2.828,2.836,2.785,,09/11/18
2.77,2.804,2.814,2.752,,09/10/18
2.777,2.776,2.785,2.759,,09/07/18
2.793,2.772,2.797,2.765,,09/06/18
2.815,2.795,2.843,2.786,,09/05/18
2.9,2.823,2.904,2.812,,09/04/18
2.886,2.916,2.931,2.882,,08/31/18
0,2.874,2.89,2.841,,08/30/18
2.857,2.895,2.905,2.843,,08/29/18
2.876,2.852,2.883,2.845,,08/28/18
2.908,2.876,2.915,2.874,,08/27/18
2.972,2.917,2.979,2.911,,08/24/18
2.958,2.964,2.982,2.935,,08/23/18
2.991,2.956,2.993,2.953,,08/22/18
2.953,2.98,2.991,2.953,,08/21/18
2.94,2.941,2.954,2.903,,08/20/18
2.908,2.946,2.968,2.908,,08/17/18
2.939,2.908,2.949,2.891,,08/16/18
2.952,2.94,2.963,2.93,,08/15/18
2.926,2.959,2.974,2.922,,08/14/18
2.936,2.93,2.946,2.897,,08/13/18
2.946,2.944,2.955,2.917,,08/10/18
2.943,2.955,2.959,2.93,,08/09/18
2.893,2.949,2.951,2.884,,08/08/18
2.861,2.897,2.9,2.857,,08/07/18
2.851,2.86,2.865,2.822,,08/06/18
2.819,2.853,2.862,2.814,,08/03/18
2.745,2.816,2.828,2.74,,08/02/18
2.78,2.758,2.788,2.744,,08/01/18
2.801,2.782,2.831,2.772,,07/31/18
2.794,2.797,2.814,2.766,,07/30/18
2.775,2.782,2.831,2.769,,07/27/18
2.777,2.78,2.799,2.769,,07/26/18
2.739,2.775,2.78,2.735,,07/25/18
2.723,2.732,2.744,2.71,,07/24/18
2.737,2.721,2.741,2.713,,07/23/18
2.767,2.757,2.784,2.754,,07/20/18
2.731,2.769,2.776,2.704,,07/19/18
2.744,2.721,2.754,2.72,,07/18/18
2.768,2.74,2.788,2.731,,07/17/18
2.765,2.759,2.778,2.735,,07/16/18
2.802,2.752,2.812,2.75,,07/13/18
2.822,2.797,2.827,2.789,,07/12/18
2.787,2.829,2.832,2.78,,07/11/18
2.829,2.788,2.835,2.782,,07/10/18
2.839,2.828,2.865,2.817,,07/09/18
2.83,2.858,2.862,2.824,,07/06/18
2.858,2.837,2.894,2.822,,07/05/18
2.861,2.87,2.903,2.852,,07/03/18
2.92,2.862,2.927,2.852,,07/02/18
2.951,2.924,2.954,2.91,,06/29/18
0,2.94,3.021,2.93,,06/28/18
2.954,2.996,3.007,2.95,,06/27/18
2.931,2.939,2.955,2.907,,06/26/18
2.926,2.923,2.943,2.897,,06/25/18
2.982,2.945,2.991,2.926,,06/22/18
2.966,2.975,3.012,2.947,,06/21/18
2.918,2.964,2.969,2.912,,06/20/18
2.952,2.9,2.955,2.887,,06/19/18
3.051,2.951,3.053,2.945,,06/18/18
2.966,3.022,3.034,2.966,,06/15/18
2.958,2.965,2.976,2.93,,06/14/18
2.941,2.963,2.979,2.916,,06/13/18
2.954,2.939,2.988,2.917,,06/12/18
2.927,2.949,2.966,2.912,,06/11/18
2.934,2.89,2.936,2.875,,06/08/18
2.9,2.93,2.987,2.896,,06/07/18
2.888,2.896,2.912,2.873,,06/06/18
2.92,2.89,2.931,2.874,,06/05/18
2.974,2.93,2.98,2.923,,06/04/18
2.951,2.962,2.983,2.932,,06/01/18
2.891,2.952,2.988,2.887,,05/31/18
0,2.885,2.906,2.867,,05/30/18
2.946,2.875,2.968,2.838,,05/29/18
2.931,2.939,2.964,2.912,,05/25/18
2.924,2.94,2.941,2.904,,05/24/18
2.902,2.914,2.939,2.898,,05/23/18
2.827,2.908,2.917,2.816,,05/22/18
0,2.81,0,0,,05/21/18
2.853,2.847,2.87,2.832,,05/18/18
2.817,2.859,2.862,2.78,,05/17/18
2.827,2.815,2.844,2.809,,05/16/18
2.834,2.836,2.864,2.824,,05/15/18
2.825,2.842,2.847,2.798,,05/14/18
2.808,2.806,2.82,2.793,,05/11/18
2.736,2.814,2.82,2.709,,05/10/18
2.739,2.737,2.759,2.725,,05/09/18
2.736,2.732,2.773,2.706,,05/08/18
2.71,2.741,2.77,2.695,,05/07/18
2.731,2.711,2.742,2.702,,05/04/18
2.759,2.726,2.773,2.7,,05/03/18
2.805,2.754,2.811,2.745,,05/02/18
2.764,2.802,2.82,2.759,,05/01/18
2.763,2.763,2.778,2.728,,04/30/18
0,2.771,0,2.768,,04/27/18
2.787,2.821,2.839,2.779,,04/26/18
2.782,2.786,2.798,2.755,,04/25/18
2.745,2.781,2.789,2.728,,04/24/18
2.745,2.74,2.757,2.706,,04/23/18
2.675,2.739,2.746,2.658,,04/20/18
2.744,2.66,2.751,2.658,,04/19/18
2.741,2.739,2.79,2.734,,04/18/18
2.747,2.738,2.761,2.711,,04/17/18
2.753,2.752,2.779,2.739,,04/16/18
2.689,2.735,2.76,2.674,,04/13/18
2.675,2.686,2.7,2.647,,04/12/18
2.664,2.675,2.69,2.621,,04/11/18
2.699,2.656,2.726,2.643,,04/10/18
2.679,2.693,2.704,2.64,,04/09/18
2.68,2.701,2.717,2.675,,04/06/18
2.712,2.675,2.715,2.651,,04/05/18
2.696,2.718,2.746,2.675,,04/04/18
2.679,2.697,2.707,2.667,,04/03/18
2.73,2.683,2.759,2.65,,04/02/18
0,2.733,2.764,0,,03/29/18
2.631,2.691,2.707,2.623,,03/27/18
2.588,2.618,2.642,2.565,,03/26/18
2.619,2.591,2.627,2.579,,03/23/18
2.65,2.617,2.667,2.611,,03/22/18
2.677,2.638,2.708,2.634,,03/21/18
2.66,2.675,2.695,2.65,,03/20/18
2.683,2.651,2.71,2.64,,03/19/18
2.685,2.688,2.701,2.667,,03/16/18
2.738,2.681,2.75,2.664,,03/15/18
2.787,2.731,2.798,2.71,,03/14/18
2.788,2.786,2.811,2.776,,03/13/18
2.741,2.778,2.804,2.718,,03/12/18
2.742,2.732,2.752,2.712,,03/09/18
2.786,2.756,2.793,2.737,,03/08/18
2.75,2.777,2.789,2.744,,03/07/18
2.706,2.749,2.757,2.702,,03/06/18
2.717,2.704,2.726,2.673,,03/05/18
2.693,2.695,2.728,2.686,,03/02/18
2.668,2.698,2.731,2.642,,03/01/18
2.693,2.667,2.71,2.659,,02/28/18
0,2.683,2.702,2.633,,02/27/18
2.635,2.639,2.68,2.586,,02/26/18
2.619,2.625,2.633,2.555,,02/23/18
2.657,2.634,2.67,2.607,,02/22/18
2.638,2.659,2.68,2.565,,02/21/18
2.568,2.616,2.662,2.562,,02/20/18
2.584,2.558,2.589,2.539,,02/16/18
2.613,2.58,2.623,2.53,,02/15/18
2.608,2.587,2.623,2.553,,02/14/18
2.566,2.594,2.642,2.562,,02/13/18
2.554,2.552,2.607,2.538,,02/12/18
2.694,2.584,2.704,2.576,,02/09/18
2.702,2.697,2.758,2.681,,02/08/18
2.761,2.702,2.782,2.688,,02/07/18
2.767,2.759,2.785,2.695,,02/06/18
2.825,2.747,2.88,2.736,,02/05/18
2.891,2.846,2.92,2.84,,02/02/18
2.956,2.856,2.978,2.837,,02/01/18
3.165,2.995,3.183,2.949,,01/31/18
0,3.195,3.259,3.161,,01/30/18
3.39,3.631,3.661,3.297,,01/29/18
3.437,3.505,3.611,3.41,,01/26/18
3.439,3.447,3.581,3.398,,01/25/18
3.541,3.509,3.624,3.404,,01/24/18
3.254,3.444,3.628,3.249,,01/23/18
3.252,3.224,3.269,3.143,,01/22/18
3.198,3.185,3.246,3.133,,01/19/18
3.251,3.189,3.26,3.07,,01/18/18
3.125,3.232,3.288,3.098,,01/17/18
3.131,3.129,3.176,3.039,,01/16/18
3.137,3.2,3.224,3.07,,01/12/18
2.906,3.084,3.139,2.884,,01/11/18
2.962,2.906,2.989,2.869,,01/10/18
2.838,2.923,2.966,2.825,,01/09/18
2.812,2.835,2.869,2.784,,01/08/18
2.877,2.795,2.887,2.746,,01/05/18
3.015,2.88,3.07,2.84,,01/04/18
3.04,3.008,3.056,2.959,,01/03/18
3.03,3.056,3.097,2.923,,01/02/18
0,2.97,0,0,,01/01/18
2.93,2.953,3.008,2.92,,12/29/17
0,2.914,2.945,0,,12/28/17
2.639,2.738,2.762,2.598,,12/27/17
2.708,2.643,2.78,2.63,,12/26/17
2.62,2.667,2.682,2.583,,12/22/17
2.654,2.598,2.669,2.568,,12/21/17
2.722,2.637,2.756,2.61,,12/20/17
2.734,2.692,2.769,2.688,,12/19/17
2.65,2.745,2.778,2.634,,12/18/17
2.686,2.612,2.732,2.581,,12/15/17
2.704,2.684,2.717,2.643,,12/14/17
2.696,2.715,2.751,2.656,,12/13/17
2.801,2.678,2.844,2.673,,12/12/17
2.831,2.828,2.848,2.793,,12/11/17
2.769,2.772,2.82,2.757,,12/08/17
2.91,2.763,2.922,2.747,,12/07/17
2.91,2.922,2.961,2.884,,12/06/17
2.976,2.914,2.998,2.875,,12/05/17
3.091,2.985,3.127,2.953,,12/04/17
3.032,3.061,3.117,3.029,,12/01/17
3.175,3.025,3.194,3.008,,11/30/17
0,3.179,3.218,0,,11/29/17
2.947,3.074,3.102,2.945,,11/28/17
2.927,2.928,2.95,2.876,,11/27/17
2.961,2.813,2.986,2.797,,11/24/17
3.013,2.968,3.027,2.955,,11/22/17
3.032,3.017,3.064,3.012,,11/21/17
3.07,3.047,3.089,3.026,,11/20/17
3.072,3.097,3.134,3.059,,11/17/17
3.087,3.053,3.11,3.046,,11/16/17
3.078,3.08,3.153,3.052,,11/15/17
3.141,3.102,3.149,3.064,,11/14/17
3.2,3.167,3.231,3.127,,11/13/17
3.208,3.213,3.224,3.171,,11/10/17
3.152,3.2,3.217,3.152,,11/09/17
3.151,3.175,3.19,3.114,,11/08/17
3.125,3.152,3.176,3.088,,11/07/17
3.085,3.134,3.143,3.051,,11/06/17
2.935,2.984,2.998,2.93,,11/03/17
2.9,2.935,2.957,2.881,,11/02/17
2.906,2.893,2.929,2.847,,11/01/17
2.988,2.896,3.005,2.882,,10/31/17
2.938,2.966,3.006,2.936,,10/30/17
2.899,2.964,2.899,2.723,,10/27/17
2.929,2.89,2.941,2.867,,10/26/17
2.991,2.919,2.999,2.913,,10/25/17
2.971,2.974,3.004,2.96,,10/24/17
3.001,2.991,3.017,2.948,,10/23/17
2.886,2.915,2.94,2.856,,10/20/17
2.868,2.873,2.91,2.773,,10/19/17
2.923,2.854,2.941,2.851,,10/18/17
2.955,2.962,3.026,2.921,,10/17/17
2.96,2.946,2.977,2.908,,10/16/17
2.995,3,3.036,2.984,,10/13/17
2.906,2.989,3.008,2.895,,10/12/17
2.882,2.889,2.962,2.876,,10/11/17
2.836,2.891,2.896,2.833,,10/10/17
2.859,2.833,2.886,2.827,,10/09/17
2.895,2.863,2.917,2.856,,10/06/17
2.934,2.923,2.995,2.894,,10/05/17
2.905,2.94,2.977,2.898,,10/04/17
2.925,2.895,2.935,2.88,,10/03/17
3.018,2.916,3.025,2.889,,10/02/17
3.022,3.007,3.044,2.992,,09/29/17
0,3.017,3.081,3.001,,09/28/17
2.917,2.974,2.989,2.912,,09/27/17
2.921,2.918,2.955,2.898,,09/26/17
2.932,2.919,2.986,2.911,,09/25/17
2.957,2.959,2.978,2.945,,09/22/17
3.081,2.946,3.091,2.942,,09/21/17
3.118,3.094,3.148,3.077,,09/20/17
3.151,3.122,3.166,3.112,,09/19/17
3.049,3.146,3.157,3.049,,09/18/17
3.065,3.024,3.074,3.006,,09/15/17
3.059,3.07,3.106,3.036,,09/14/17
2.996,3.058,3.078,2.995,,09/13/17
2.95,3.001,3.043,2.936,,09/12/17
2.91,2.95,2.953,2.899,,09/11/17
2.972,2.89,2.975,2.885,,09/08/17
3.008,2.981,3.03,2.968,,09/07/17
2.97,3,3.019,2.96,,09/06/17
3.013,2.972,3.059,2.965,,09/05/17
3.027,3.07,3.088,2.998,,09/01/17
2.945,3.04,3.045,2.908,,08/31/17
0,2.939,0,2.928,,08/30/17
2.915,2.961,2.998,2.9,,08/29/17
2.924,2.925,2.967,2.849,,08/28/17
2.947,2.892,2.952,2.881,,08/25/17
2.926,2.949,2.982,2.917,,08/24/17
2.935,2.928,2.957,2.9,,08/23/17
2.963,2.939,3.006,2.927,,08/22/17
2.894,2.962,2.98,2.867,,08/21/17
2.917,2.893,2.928,2.885,,08/18/17
2.891,2.929,2.939,2.856,,08/17/17
2.92,2.89,2.933,2.883,,08/16/17
2.961,2.935,2.972,2.919,,08/15/17
3.005,2.959,3.018,2.925,,08/14/17
2.976,2.983,2.997,2.962,,08/11/17
2.877,2.985,2.995,2.872,,08/10/17
2.811,2.883,2.899,2.8,,08/09/17
2.805,2.822,2.832,2.783,,08/08/17
2.772,2.801,2.812,2.764,,08/07/17
2.792,2.774,2.8,2.753,,08/04/17
2.811,2.8,2.846,2.79,,08/03/17
2.815,2.811,2.837,2.785,,08/02/17
2.81,2.819,2.835,2.761,,08/01/17
2.9,2.794,2.9,2.781,,07/31/17
0,2.941,2.983,2.923,,07/28/17
2.926,2.969,2.998,2.904,,07/27/17
2.944,2.924,2.965,2.895,,07/26/17
2.907,2.944,2.95,2.899,,07/25/17
2.914,2.899,2.955,2.88,,07/24/17
3.03,2.97,3.044,2.938,,07/21/17
3.066,3.043,3.114,3.017,,07/20/17
3.082,3.066,3.103,3.062,,07/19/17
3.022,3.088,3.094,3.02,,07/18/17
2.982,3.02,3.049,2.98,,07/17/17
2.959,2.98,3,2.928,,07/14/17
2.992,2.961,3.02,2.947,,07/13/17
3.035,2.985,3.043,2.97,,07/12/17
2.925,3.047,3.053,2.921,,07/11/17
2.898,2.929,2.946,2.87,,07/10/17
2.899,2.864,2.947,2.847,,07/07/17
2.857,2.888,2.893,2.849,,07/06/17
2.952,2.84,3.02,2.832,,07/05/17
2.949,2.951,3.05,2.935,,07/03/17
3.037,3.035,3.052,2.974,,06/30/17
0,3.042,3.122,3.032,,06/29/17
3.02,3.067,3.08,3.016,,06/28/17
3.049,3.037,3.06,3.012,,06/27/17
2.99,3.027,3.052,2.975,,06/26/17
2.898,2.929,2.94,2.895,,06/23/17
2.896,2.894,2.962,2.855,,06/22/17
2.897,2.893,2.948,2.878,,06/21/17
2.897,2.907,2.913,2.879,,06/20/17
2.966,2.894,2.971,2.877,,06/19/17
3.049,3.037,3.082,3.021,,06/16/17
2.943,3.056,3.066,2.929,,06/15/17
2.962,2.933,2.989,2.916,,06/14/17
3.011,2.966,3.065,2.949,,06/13/17
3.032,3.024,3.087,3.001,,06/12/17
3.034,3.039,3.066,3.028,,06/09/17
3.019,3.028,3.068,2.978,,06/08/17
3.061,3.02,3.095,3.01,,06/07/17
2.982,3.042,3.063,2.972,,06/06/17
3.026,2.982,3.047,2.935,,06/05/17
3.051,2.999,3.051,2.989,,06/02/17
3.08,3.008,3.128,2.988,,06/01/17
3.146,3.071,3.172,3.061,,05/31/17
3.25,3.145,3.255,3.141,,05/30/17
3.186,3.31,3.263,3.167,,05/26/17
3.204,3.184,3.257,3.145,,05/25/17
3.234,3.209,3.252,3.176,,05/24/17
3.325,3.219,3.333,3.211,,05/23/17
3.291,3.33,3.334,3.279,,05/22/17
3.184,3.256,3.27,3.181,,05/19/17
3.209,3.182,3.242,3.161,,05/18/17
3.231,3.192,3.269,3.165,,05/17/17
3.359,3.23,3.369,3.216,,05/16/17
3.387,3.349,3.408,3.334,,05/15/17
3.368,3.424,3.431,3.35,,05/12/17
3.278,3.376,3.388,3.273,,05/11/17
3.214,3.292,3.349,3.202,,05/10/17
3.178,3.227,3.246,3.173,,05/09/17
3.243,3.172,3.265,3.14,,05/08/17
3.199,3.266,3.282,3.183,,05/05/17
3.22,3.186,3.254,3.165,,05/04/17
3.185,3.228,3.233,3.175,,05/03/17
3.231,3.195,3.273,3.178,,05/02/17
3.249,3.215,3.313,3.198,,05/01/17